ID,Store,Address,Phone,Official Google Maps,Google Rating,Google Review Count,Snapshot,5★,4★,3★,2★,1★,Positive % (4–5★),Neutral % (3★),Negative % (1–2★),Sentiment Coverage,Google-only Verification,Source URL,Notes
1,Broken Arrow,"2041 W Houston St, Broken Arrow, OK 74012",+1 539 367 2160,https://maps.app.goo.gl/yKNrR3RUbaPadrkY7,4.6,600,2026-05 (crawl),,,,,,,,Google aggregate + visible sample,Verified Google aggregate,https://reviews.birdeye.com/supermercados-morelos-171589934240266,Birdeye explicitly labels all 600 reviews as Google; no star histogram exposed in parsed public page.
2,MacArthur Blvd,"3701 N MacArthur Blvd, Warr Acres, OK 73122",+1 405 506 0371,https://maps.app.goo.gl/8h1BfB6cnDMuJbUC7,,,,,,,,,,,,Coverage gap,Not Google-verified in accessible source,,"Public directories were found, but none accessible here explicitly tied the aggregate to Google Reviews. Excluded from Google-only metrics."
3,Moore,"621 N Moore Ave, Moore, OK 73160",+1 405 735 8151,https://maps.app.goo.gl/8unCJ9gPPQZ2Ywn1A,4.4,1227,2026-07 (crawl),814,239,88,38,48,0.8581907090464548,0.071719641401793,0.07008964955175224,Full current star histogram + visible sample,Verified Google aggregate,https://wanderlog.com/place/details/1471413/supermercados-morelos-moore,"Wanderlog explicitly labels the score, histogram and sampled reviews as From Google."
4,Oklahoma City NW 23rd St,"4704 NW 23rd St, Oklahoma City, OK 73127",+1 405 862 7718,https://maps.app.goo.gl/Wcwm9D9TtDgF3SZm6,4.2,587,2026-07 (crawl),340,116,61,23,47,0.7768313458262351,0.1039182282793867,0.1192504258943782,Full current star histogram + visible sample,Verified Google aggregate,https://wanderlog.com/place/details/12629505/supermercados-morelos,"Wanderlog explicitly labels the score, histogram and sampled reviews as From Google."
5,Oklahoma City NW 50 & Meridian,"5111 N Meridian Ave, Oklahoma City, OK 73112",+1 405 506 6980,https://maps.app.goo.gl/y5jR8pp5N3tNBycc7,4.3,1163,2026-05 (crawl),,,,,,,,Google aggregate + visible sample,Verified Google aggregate,https://reviews.birdeye.com/supermercados-morelos-171588495131005,Birdeye explicitly labels all 1163 reviews as Google; no star histogram exposed in parsed public page.
6,Oklahoma City SW 59th,"1 SW 59th St, Oklahoma City, OK 73109",+1 405 601 3700,https://maps.app.goo.gl/yRVVePiFXSeMZzxX7,4.3,1171,2026-08 (crawl),,,,,,,,Google aggregate + visible sample,Verified Google aggregate,https://reviews.birdeye.com/supermercados-morelos-171372636023746,Birdeye explicitly labels all 1171 reviews as Google; no star histogram exposed in parsed public page.
7,Tulsa 21 & Garnett,"2119 S Garnett Rd, Tulsa, OK 74129",+1 918 561 6561,https://maps.app.goo.gl/TceEf2QsdDrLrT7R8,4.4,825,2026-05 (crawl),,,,,,,,Google aggregate + visible sample,Verified Google aggregate,https://reviews.birdeye.com/supermercados-morelos-171588481369670,Birdeye explicitly labels all 825 reviews as Google; no star histogram exposed in parsed public page.
8,Tulsa 31 & 129,"12920 E 31st St, Tulsa, OK 74134",+1 918 561 6444,https://maps.app.goo.gl/bMoNkxn4Qht7DcFx7,4.4,416,2026-05 (crawl),,,,,,,,Google aggregate + visible sample,Verified Google aggregate,https://reviews.birdeye.com/supermercados-morelos-171589968861744,Birdeye explicitly labels all 416 reviews as Google; no star histogram exposed in parsed public page.
9,Tulsa S Peoria Ave,"5147 S Peoria Ave, Tulsa, OK 74105",+1 918 619 7333,https://maps.app.goo.gl/FGaWTMnxBnSdjjqA7,4.4,574,2026-05 (crawl),,,,,,,,Google aggregate + visible sample,Verified Google aggregate,https://reviews.birdeye.com/supermercados-morelos-171587487542766,Birdeye explicitly labels all 574 reviews as Google; historical star histogram kept separately because it is from a smaller 2024 snapshot.
10,Tulsa E 51st St,"12920 E 51st St, Tulsa, OK 74146",+1 918 561 6400,https://maps.app.goo.gl/1LQxkJaiz7iuAC6p9,,,,,,,,,,,,Coverage gap,Not Google-verified in accessible source,,No accessible source found that explicitly identified the aggregate as Google Reviews.
11,Tulsa E 61st St,"10010 E 61st St, Tulsa, OK 74133",+1 918 561 6440,https://maps.app.goo.gl/nt12kzFGFuJVXsTT9,,,,,,,,,,,,Coverage gap,Not Google-verified in accessible source,,No accessible source found that explicitly identified the aggregate as Google Reviews.
