Date,Month,Platform,Format,Caption,Account,Views,Reach,Likes,Comments,Saves,Shares,Engagement,EngagementRate,PaidViews,PaidReach,PaidEngagement,OrganicViews,OrganicReach,OrganicEngagement,Crossposted
2026-05-01,2026-05,Facebook,Photo,"Cuando aparece el chicharrón, empieza la reunión. Disfrútalo con guacamole, salsa o como más se te antoje. Encuéntralo en Morelos. ---- When chicharrón shows up, the gathering begins. Enjoy it with guacamole, salsa, or however you like it. Find it at Morelos.",Supermercados Morelos,2712,1847,7,0,0,1,8,0.0029498525073746312,0,0,0,2712,1847,8,False
2026-05-01,2026-05,Facebook,Photo,"Si necesitas a pollo, Morelos está contigo. 🍗💛 Porque sabemos que a veces el mejor apoyo es tener la comida lista. Por eso, en todas nuestras tiendas encontrarás Pollo Listo Morelos: jugoso, dorado y recién preparado. 📍 Encuentra pollo horneado en Garnett y Peoria 📍 Encuentra pollo asado en todas nuestras tiendas (aún no disponible en 23rd) Pero en todas, con el mismo sabor Morelos: delicioso. Pregunta en tu sucursal por la preparación disponible. Para lo que necesites, aquí estamos. 🙌 --- If you need chicken, Morelos has your back. 🍗💛 Because we know that sometimes the best support is having a meal ready to go. That's why at all our stores, you'll find chicken ready to go at Morelos: juicy, golden, and freshly made. 📍 Roasted at Garnett and Peoria. 📍 Grilled at all other stores (not avialable yet at 23rd) Same Morelos flavor at every location: delicious. Ask at your store which style is available. Whatever you need, we're here for you. 🙌",Supermercados Morelos,1477,907,6,0,0,1,7,0.004739336492890996,0,0,0,1477,907,7,False
2026-05-01,2026-05,Facebook,Carousel,"Fruta tan fresca, que hasta Miranda Priestly la aprobaría. En Morelos, lo cotidiano no es cualquier cosa. Es tradición, es sabor y es la forma en la que hemos aprendido a disfrutarlo. —---------------------- Fruit so fresh, even Miranda Priestly would approve. At Morelos, everyday choices aren’t just anything. They’re tradition, flavor, and the way we’ve learned to enjoy it.",Supermercados Morelos,1769,1103,5,0,0,1,6,0.0033917467495760316,0,0,0,1769,1103,6,False
2026-05-01,2026-05,Instagram,Photo,"Cuando aparece el chicharrón, empieza la reunión. Disfrútalo con guacamole, salsa o como más se te antoje. Encuéntralo en Morelos. ---- When chicharrón shows up, the gathering begins. Enjoy it with guacamole, salsa, or however you like it. Find it at Morelos.",supermercadomorelos,302,195,3,0,0,0,3,0.009933774834437087,0,0,0,302,195,3,False
2026-05-01,2026-05,Instagram,Photo,"Si necesitas a pollo, Morelos está contigo. 🍗💛 Porque sabemos que a veces el mejor apoyo es tener la comida lista. Por eso, en todas nuestras tiendas encontrarás Pollo Listo Morelos: jugoso, dorado y recién preparado. 📍 Encuentra pollo horneado en Garnett y Peoria 📍 Encuentra pollo asado en todas nuestras tiendas (aún no disponible en 23rd) Pero en todas, con el mismo sabor Morelos: delicioso. Pregunta en tu sucursal por la preparación disponible. Para lo que necesites, aquí estamos. 🙌 --- If you need chicken, Morelos has your back. 🍗💛 Because we know that sometimes the best support is having a meal ready to go. That's why at all our stores, you'll find chicken ready to go at Morelos: juicy, golden, and freshly made. 📍 Roasted at Garnett and Peoria. 📍 Grilled at all other stores (not avialable yet at 23rd) Same Morelos flavor at every location: delicious. Ask at your store which style is available. Whatever you need, we're here for you. 🙌",supermercadomorelos,287,186,5,0,0,0,5,0.017421602787456445,0,0,0,287,186,5,False
2026-05-01,2026-05,Instagram,Carousel,"Fruta tan fresca, que hasta Miranda Priestly la aprobaría. En Morelos, lo cotidiano no es cualquier cosa. Es tradición, es sabor y es la forma en la que hemos aprendido a disfrutarlo. —---------------------- Fruit so fresh, even Miranda Priestly would approve. At Morelos, everyday choices aren’t just anything. They’re tradition, flavor, and the way we’ve learned to enjoy it.",supermercadomorelos,432,206,9,0,0,0,9,0.020833333333333332,0,0,0,432,206,9,False
2026-05-03,2026-05,Facebook,Carousel,💚🎈 Celebramos el Día del Niño 🎈💚 Gracias de corazón a todas las familias que nos acompañaron en este día tan especial. 🫶 Ver la alegría de los niños hizo de este festejo un momento inolvidable para nosotros. ✨ Gracias por permitirnos ser parte de esos recuerdos tan bonitos. 💫 💚🎈 We celebrated Children’s Day 🎈💚 Thank you from the bottom of our hearts to all the families who joined us on this special day. 🫶 Seeing the kids’ joy made this celebration truly unforgettable for us. ✨ Thank you for letting us be part of such beautiful memories. 💫 #DíaDelNiño #FamiliaMorelos #Gracias,Supermercados Morelos,13173,7573,32,0,2,6,40,0.0030365140818340544,0,0,0,13173,7573,40,False
2026-05-03,2026-05,Facebook,Carousel,"¡Qué gran día de sabor vivimos ayer! 🔥🙌 Gracias a todos los que se dieron la vuelta para disfrutar de nuestros Marinados Morelos en Garnett (Tulsa) y Moore (OKC). Entre risas, buen ambiente y puro antojo, ustedes hicieron que todo valiera la pena 💛🥩 ¿Te quedaste con las ganas? 👀 No te preocupes… ¡esto sigue! Hoy regresamos con más sabor listo para cocinar 🔥 📍 OKC – 50NW 📍 Tulsa –31/129 Pásale, pruébalos y déjate conquistar por ese sabor que ya todos están comentando 🤤🔥 Nosotros ponemos el sabor… tú solo llega con hambre 😉 #MarinadosMorelos #ListosParaElSabor #Tulsa #OKC #DomingoDeParrilla #Degustaciones #SaborQueEnamora #AntojoList#dogsofinstagram ----------------------------------------------------------------------------------------------- What a flavorful day we had yesterday! 🔥🙌 Huge thanks to everyone who stopped by to try our Marinados Morelos at our Garnett (Tulsa) and Moore (OKC) locations. Great vibes, smiling faces, and a whole lot of love for good food made it a day to remember 💛🥩 Missed out? 👀 No worries… we’ve got you covered! We’re back TODAY with more flavor, ready for the grill 🔥 📍 OKC – 31/129 📍 Tulsa – 50NW Come through, grab a taste, and see why everyone’s talking about our marinades 🤤🔥 We’ll bring the flavor… you just bring the appetite 😉 #MarinadosMorelos #ReadyForFlavor #Tulsa #OKC #SundayGrillVibes #Tastings #FlavorThatHits #TryIt",Supermercados Morelos,7459,4487,16,0,0,2,18,0.0024131921169057513,0,0,0,7459,4487,18,False
2026-05-03,2026-05,Instagram,Carousel,💚🎈 Celebramos el Día del Niño 🎈💚 Gracias de corazón a todas las familias que nos acompañaron en este día tan especial. 🫶 Ver la alegría de los niños hizo de este festejo un momento inolvidable para nosotros. ✨ Gracias por permitirnos ser parte de esos recuerdos tan bonitos. 💫 💚🎈 We celebrated Children’s Day 🎈💚 Thank you from the bottom of our hearts to all the families who joined us on this special day. 🫶 Seeing the kids’ joy made this celebration truly unforgettable for us. ✨ Thank you for letting us be part of such beautiful memories. 💫 #DíaDelNiño #FamiliaMorelos #Gracias,supermercadomorelos,1038,460,23,0,1,5,29,0.027938342967244702,0,0,0,1038,460,29,False
2026-05-03,2026-05,Instagram,Carousel,"¡Qué gran día de sabor vivimos ayer! 🔥🙌 Gracias a todos los que se dieron la vuelta para disfrutar de nuestros Marinados Morelos en Garnett (Tulsa) y Moore (OKC). Entre risas, buen ambiente y puro antojo, ustedes hicieron que todo valiera la pena 💛🥩 ¿Te quedaste con las ganas? 👀 No te preocupes… ¡esto sigue! Hoy regresamos con más sabor listo para cocinar 🔥 📍 OKC – 31/129 📍 Tulsa – 50NW Pásale, pruébalos y déjate conquistar por ese sabor que ya todos están comentando 🤤🔥 Nosotros ponemos el sabor… tú solo llega con hambre 😉 #MarinadosMorelos #ListosParaElSabor #Tulsa #OKC #DomingoDeParrilla #Degustaciones #SaborQueEnamora #AntojoList#dogsofinstagram ----------------------------------------------------------------------------------------------- What a flavorful day we had yesterday! 🔥🙌 Huge thanks to everyone who stopped by to try our Marinados Morelos at our Garnett (Tulsa) and Moore (OKC) locations. Great vibes, smiling faces, and a whole lot of love for good food made it a day to remember 💛🥩 Missed out? 👀 No worries… we’ve got you covered! We’re back TODAY with more flavor, ready for the grill 🔥 📍 OKC – 31/129 📍 Tulsa – 50NW Come through, grab a taste, and see why everyone’s talking about our marinades 🤤🔥 We’ll bring the flavor… you just bring the appetite 😉 #MarinadosMorelos #ReadyForFlavor #Tulsa #OKC #SundayGrillVibes #Tastings #FlavorThatHits #TryIt",supermercadomorelos,1038,502,10,1,0,0,11,0.010597302504816955,0,0,0,1038,502,11,False
2026-05-04,2026-05,Facebook,Reel,"💕¡GRACIAS💕a todos los que pasaron a participar en el tradicional juego de lotería el pasado sábado en Fiesta de Mayo! Como siempre, nos divertimos a montones con ustedes🥳 🎉Fue un evento fenomenal lleno de color, cultura y mucha tradición. ¡Nos vemos en el próximo evento, estén pendientes!🎉 💕THANK YOU💕 to everyone who stopped by to participate in the traditional game of Lotería last Saturday at the Fiesta de Mayo! As always, we had tons of fun with y'all! 🥳 🎉It was a phenomenal event, full of color, culture, and rich tradition. We can't wait to see everyone again, look out for our next event!🎉 Vega Treviño PR Rose District",Supermercados Morelos,2436,2014,6,0,0,1,7,0.0028735632183908046,0,0,0,2436,2014,7,False
2026-05-04,2026-05,Facebook + Instagram,Photo,No necesitas ir a otra galaxia para encontrar lo mejor de casa. La fuerza está en lo que te conecta con tus raíces. May the 4th be with you You don’t need another galaxy to find the best of home. The force is in what keeps you connected to your roots. May the 4th be with you,"Supermercados Morelos, supermercadomorelos",2832,1485,31,0,0,5,36,0.012711864406779662,0,0,0,2832,1485,36,True
2026-05-04,2026-05,Facebook + Instagram,Carousel,"Así se vivieron las degustaciones este domingo… ¡una experiencia llena de sabor! 🔥🙌 Gracias a todos los que nos acompañaron en nuestras tiendas de 31/129 (Tulsa) y 50NW (OKC). El ambiente, el aroma de la parrilla y cada degustación hicieron de este día algo muy especial 💛🥩 Y esto… continúa 👀 El próximo fin de semana regresamos con más sabor listo para cocinar 👇🔥 📍 SÁBADO • Tulsa – Peoria • OKC – 59st Los invitamos a visitarnos, probar nuestros Marinados Morelos y descubrir por qué se han convertido en los favoritos de muchos 🤤🔥 Ustedes ponen el antojo… nosotros el sabor 😉 #MarinadosMorelos #ListosParaElSabor #Tulsa #OKC #FinDeSemanaConSabor #Degustaciones #SaborQueEnamora #antojolisto ----------------------------------------------------------------------------------------------- Here’s how the tastings went down this Sunday… full of flavor from start to finish! 🔥🙌 Big thanks to everyone who stopped by our 31/129 (Tulsa) and 50NW (OKC) stores. From the grill aroma to the samples and great vibes, you made it a day to remember 💛🥩 And we’re just getting started 👀 We’re back next weekend with more flavor, ready for you 👇🔥 📍 SATURDAY • Tulsa – Peoria • OKC – 59st Come through, give them a try, and see why everyone’s been talking about our Marinados Morelos 🤤🔥 You bring the appetite… we’ll bring the flavor 😉 #MarinadosMorelos #ReadyForFlavor #Tulsa #OKC #WeekendVibes #InStoreTasting #FlavorThatHits",,5685,2954,23,0,0,3,26,0.004573438874230431,0,0,0,5685,2954,26,True
2026-05-05,2026-05,Facebook,Photo,"Porque mamá merece algo tan dulce como ella. 💛🍩 Completa su regalo con nuestras donas edición especial de Día de las Madres, hechas para celebrar a mamá y hacer su día aún más especial. 💐✨ 💵 Solo $0.99 c/u 📍 Disponibles por tiempo limitado en Morelos. --- Because Mom deserves something as sweet as she is. 💛🍩 Complete her gift with our special Mother’s Day edition donuts, made to celebrate Mom and make her day even sweeter. 💐✨ 💵 Only $0.99 each 📍 Available for a limited time at Morelos.",Supermercados Morelos,3062,1995,6,0,0,1,7,0.0022860875244937948,0,0,0,3062,1995,7,False
2026-05-05,2026-05,Facebook,Photo,"El ""Taco Tuesday"" lo inventó una cadena de comida rápida en 1989. Lo registraron como marca. Lo convirtieron en marketing. La comunidad latina llevaba generaciones comiendo tacos cualquier día de la semana sin necesitar un nombre para eso. Si quieres llamarle martes, está bien. Aquí están los tacos que siempre debieron ser. ------ ""Taco Tuesday"" was invented by a fast food chain in 1989. They trademarked it. They made it marketing. The Latino community had been eating tacos any day of the week for generations without needing a name for it. If you want to call it Tuesday, fine. Here are the tacos that should've been there all along.",Supermercados Morelos,1751,1168,4,0,0,2,6,0.0034266133637921186,0,0,0,1751,1168,6,False
2026-05-05,2026-05,Instagram,Photo,"Porque mamá merece algo tan dulce como ella. 💛🍩 Completa su regalo con nuestras donas edición especial de Día de las Madres, hechas para celebrar a mamá y hacer su día aún más especial. 💐✨ 💵 Solo $0.99 c/u 📍 Disponibles por tiempo limitado en Morelos. --- Because Mom deserves something as sweet as she is. 💛🍩 Complete her gift with our special Mother’s Day edition donuts, made to celebrate Mom and make her day even sweeter. 💐✨ 💵 Only $0.99 each 📍 Available for a limited time at Morelos.",supermercadomorelos,423,240,8,1,0,0,9,0.02127659574468085,0,0,0,423,240,9,False
2026-05-05,2026-05,Instagram,Photo,"El ""Taco Tuesday"" lo inventó una cadena de comida rápida en 1989. Lo registraron como marca. Lo convirtieron en marketing. La comunidad latina llevaba generaciones comiendo tacos cualquier día de la semana sin necesitar un nombre para eso. Si quieres llamarle martes, está bien. Aquí están los tacos que siempre debieron ser. ------ ""Taco Tuesday"" was invented by a fast food chain in 1989. They trademarked it. They made it marketing. The Latino community had been eating tacos any day of the week for generations without needing a name for it. If you want to call it Tuesday, fine. Here are the tacos that should've been there all along.",supermercadomorelos,326,196,8,2,0,0,10,0.03067484662576687,0,0,0,326,196,10,False
2026-05-09,2026-05,Facebook,Reel,"Así se vivió el concurso de ¿Quién Come Tacos Más Rápido? Patrocinado por @supermercadomorelos el pasado 2 de mayo durante Fiesta de Mayo! ¡Gracias Supermercados Morelos! Por siempre estar presente a la hora de celebrar nuestra cultura y tradiciones. ¡Que Viva la Tradición! 🌮🌮🌮 Here’s a recap of the “Who Can Eat Tacos the Fastest?” contest sponsored by @supermercadomorelos—this past May 2nd during the Fiesta de Mayo! Thank you, Supermercados Morelos, for always being there to help us celebrate our culture and traditions. Long live tradition! #supermercadosmorelos #vivalatradición",Supermercados Morelos,4682,3991,17,1,0,1,19,0.004058094831268688,0,0,0,4682,3991,19,False
2026-05-10,2026-05,Facebook,Photo,Hay sabores que nos acompañan toda la vida 💛 ¿Qué frase o receta te recuerda a tu mamá? 👩‍👧 Gracias mamá por todo lo que solo tú sabes hacer ✨ --- Some flavors stay with us forever 💛 What dish or phrase reminds you of your mom? Thank you mom for everything only you know how to do ✨,Supermercados Morelos,1238,855,5,0,0,2,7,0.005654281098546042,0,0,0,1238,855,7,False
2026-05-10,2026-05,Facebook + Instagram,Carousel,"🔥 ¡Qué gran ambiente se vivió hoy en nuestras degustaciones de Marinados Morelos! 🙌🥩 Queremos agradecer a todas las personas que nos visitaron este domingo en nuestras sucursales de Harvard (Tulsa) y MacArthur (OKC). Gracias por acompañarnos, disfrutar de las degustaciones y ser parte de esta experiencia llena de sabor 💛🔥 Cada fin de semana seguimos llevando el auténtico sabor de Marinados Morelos a más familias… ¡y esto continúa! 👀 📍 PRÓXIMO SÁBADO desde la 1PM: • Tulsa – Broken Arrow • OKC – 23rd 📍 PRÓXIMO DOMINGO desde la 1PM: • Tulsa – Admiral • OKC – Moore Los invitamos a visitarnos, probar nuestros Marinados Morelos y descubrir por qué cada vez más clientes los convierten en sus favoritos 🤤🔥 Vengan con la familia, disfruten de la degustación y prepárense para otro fin de semana lleno de sabor 😉🔥 #MarinadosMorelos #ListosParaElSabor #Tulsa #OKC #Degustaciones #FinDeSemanaConSabor #Parrilla #SaborQueEnamora #antojolisto ----------------------------------------------------------------------------------------------- 🔥 What an amazing weekend full of flavor with Marinados Morelos! 🙌🥩 A huge thank you to everyone who stopped by our Harvard location in Tulsa and MacArthur in OKC today. Between the grill aroma, the samples, and the great atmosphere, you all made today truly special 💛🔥 And guess what… we’re just getting started 👀 📅 Next weekend, we’re bringing even more flavor and fresh-off-the-grill goodness your way 👇 📍 SATURDAY • Tulsa – Broken Arrow • OKC – 23rd 📍 SUNDAY • Tulsa – Admiral • OKC – Moore Come hang out with us, try our Marinados Morelos, and see why more and more people are making them their go-to favorites 🤤🔥 Bring the family, enjoy the tasting, and get ready for a weekend packed with flavor 😉 #MarinadosMorelos #ReadyForFlavor #Tulsa #OKC #TastingEvent #WeekendVibes #FlavorThatHitsDifferent #GrillSeason #FoodieFavorites",,6930,3855,23,0,0,1,24,0.003463203463203463,0,0,0,6930,3855,24,True
2026-05-10,2026-05,Facebook + Instagram,Carousel,"¡Feliz Día de las Madres a todas las increíbles mamás de nuestra comunidad! 🌸 Nos sentimos honrados de haber sido parte de esta hermosa celebración junto al Periódico El Latino y queremos agradecerles por organizar un evento tan significativo dedicado a celebrar a las madres y todo lo que hacen por nuestras familias y comunidad. ¡Felicidades por otra maravillosa celebración y gracias por permitirnos celebrar junto a ustedes! #celebrandoamama Happy Mother’s Day to all the amazing moms in our community! 🌸 We’re honored to have been part of this beautiful celebration with El Latino Newspaper and want to thank them for hosting such a meaningful event dedicated to celebrating mothers and all they do for our families and community. Congratulations on another wonderful celebration, and thank you for allowing us to celebrate with you!",,12816,6262,68,3,1,9,81,0.006320224719101123,0,0,0,12816,6262,81,True
2026-05-10,2026-05,Facebook + Instagram,Carousel,"🔥El sabor no se detiene en Marinados Morelos… ¡y este fin de semana estuvo 🔥! Gracias a todos los que se dieron la vuelta en nuestras degustaciones de Peoria (Tulsa) y 59th (OKC) 🙌🥩 Entre el aroma de la parrilla, las muestras recién preparadas y el gran ambiente que se vivió en tienda… ustedes hicieron de este fin de semana algo espectacular 💛 ¿Listos para más? 👀👇 📍 HOY desde la 1PM seguimos con las degustaciones en: • Tulsa – Harvard • OKC – MacArthur Vengan a probar nuestros Marinados Morelos, encuentren su favorito y lleven a casa sabor listo para cocinar 🤤🔥 Porque aquí ustedes ponen el antojo… y nosotros ponemos el sazón 😉🥩 #MarinadosMorelos #ListosParaElSabor #Tulsa #OKC #Degustaciones #SaborQueEnamora #FinDeSemanaConSabor #Parrilla #antojolisto ----------------------------------------------------------------------------------------------- 🔥 Another great weekend full of flavor with Marinados Morelos! 🙌🥩 A big thank you to everyone who joined us at our tasting events in Peoria (Tulsa) and 59th (OKC). From the fresh-off-the-grill samples to the great atmosphere in store, it was amazing to see so many people enjoying the experience with us 💛🔥 And we’re not done yet 👀👇 📍 Join us TODAY starting at 1PM: • Tulsa – Harvard • OKC – MacArthur Stop by, try our Marinados Morelos, and discover why they’re quickly becoming a customer favorite 🤤🔥 We look forward to seeing you there for another afternoon full of great flavor and good vibes 😉🥩 #MarinadosMorelos #ReadyForFlavor #Tulsa #OKC #WeekendFlavor #FreshOffTheGrill #CustomerFavorites #TasteTheDifference",,3440,1847,12,0,0,1,13,0.0037790697674418604,0,0,0,3440,1847,13,True
2026-05-10,2026-05,Instagram,Photo,Hay sabores que nos acompañan toda la vida 💛 ¿Qué frase o receta te recuerda a tu mamá? 👩‍👧 Gracias mamá por todo lo que solo tú sabes hacer ✨ --- Some flavors stay with us forever 💛 What dish or phrase reminds you of your mom? Thank you mom for everything only you know how to do ✨,supermercadomorelos,308,180,10,0,0,0,10,0.032467532467532464,0,0,0,308,180,10,False
2026-05-11,2026-05,Facebook,Carousel,Mayo ya sabe a verano ☀️🌴 y el verano no se imagina sin algo fresco en la mano. 🥤❄️💛 📍Encuéntralas en Morelos. --- May already tastes like summer ☀️🌴 and summer isn’t summer without something cold in your hand. 🥤❄️💛 📍Find them at Morelos.,Supermercados Morelos,1378,929,5,0,0,1,6,0.0043541364296081275,0,0,0,1378,929,6,False
2026-05-11,2026-05,Instagram,Carousel,Mayo ya sabe a verano ☀️🌴 y el verano no se imagina sin algo fresco en la mano. 🥤❄️💛 📍Encuéntralas en Morelos. --- May already tastes like summer ☀️🌴 and summer isn’t summer without something cold in your hand. 🥤❄️💛 📍Find them at Morelos.,supermercadomorelos,362,177,6,0,0,0,6,0.016574585635359115,0,0,0,362,177,6,False
2026-05-12,2026-05,Facebook,Photo,"Did you know Supermercados Morelos now carries a selection of Asian products? We are grateful for ALL our customers and the AAPI community has been incredibly loyal throughout the years! As we celebrate AAPI month, we want to make sure you know we see you, we celebrate you and uplift you! For that reason, we'll be at the Tulsa Global District's Asian American Night Market! Stop by our booth and win your favorite Latin and Asian products! --- ¿Sabías que Supermercados Morelos ahora ofrece una selección de productos asiáticos? ¡Estamos agradecidos con TODOS nuestros clientes, y la comunidad AAPI ha demostrado una lealtad increíble a lo largo de los años! Al celebrar el Mes de la Herencia Asiática y de las Islas del Pacífico (AAPI), queremos asegurarnos de que sepan que los vemos, los celebramos y los apoyamos. Por esa razón, ¡estaremos presentes en el Mercado Nocturno Asiático-Americano del Tulsa Global District este viernes! ¡Visiten nuestro puesto y ganen sus productos latinos y asiáticos favoritos!",Supermercados Morelos,1653,1140,5,0,0,1,6,0.003629764065335753,0,0,0,1653,1140,6,False
2026-05-13,2026-05,Facebook,Carousel,"No siempre hay ganas de cocinar algo elaborado. Pero siempre hay ganas de comer algo que sorprenda. Albóndigas de carne molida rellenas de queso derretido por dentro. Un clásico que se siente diferente. Todo en Morelos, todo en una vuelta. --- You don't always feel like cooking something big. But you always feel like eating something that hits different. Ground beef meatballs stuffed with melted cheese on the inside. A classic that feels like a surprise. All at Morelos, all in one stop.",Supermercados Morelos,1381,1010,6,0,0,1,7,0.005068790731354091,0,0,0,1381,1010,7,False
2026-05-13,2026-05,Facebook,Text,¡Día de la Cultura Hispana en el Capitolio del Estado de Oklahoma! Los invitamos a que vengan a celebrar nuestra cultura hoy de 9am-2pm! Hispanic Culture Day at the Oklahoma State Capitol! We invite you to come celebrate our culture today from 9 a.m. to 2 p.m.!,Supermercados Morelos,780,499,4,0,0,0,4,0.005128205128205128,0,0,0,780,499,4,False
2026-05-13,2026-05,Instagram,Carousel,"No siempre hay ganas de cocinar algo elaborado. Pero siempre hay ganas de comer algo que sorprenda. Albóndigas de carne molida rellenas de queso derretido por dentro. Un clásico que se siente diferente. Todo en Morelos, todo en una vuelta. --- You don't always feel like cooking something big. But you always feel like eating something that hits different. Ground beef meatballs stuffed with melted cheese on the inside. A classic that feels like a surprise. All at Morelos, all in one stop.",supermercadomorelos,288,144,8,0,0,0,8,0.027777777777777776,0,0,0,288,144,8,False
2026-05-14,2026-05,Facebook,Reel,"¿Sabías que en Supermercados Morelos podemos recibir tours escolares? Esta vez fue el turno de Zarrow Elementary School cuyos estudiantes de 3er grado pasaron a poner en práctica su español y sus habilidades financieras! Los alumnos se desplazaron en nuestra nueva ubicación en Admiral y Memorial, cuyo espacio es amplio y seguro para este tipo de actividades. Gracias Aguilas por visitarnos de nuevo! 🦅🦅🦅 Did you know that at Supermercados Morelos, we host school tours? This time, it was Zarrow Elementary School’s turn; their 3rd-grade students stopped by to put their Spanish and financial skills into practice! The students visited our new location at Admiral and Memorial—a spacious and safe setting perfect for activities like this. Thank you, Eagles, for visiting us again! #vivalatradicion",Supermercados Morelos,12373,10618,89,5,0,3,97,0.007839650852663057,0,0,0,12373,10618,97,False
2026-05-15,2026-05,Facebook,Carousel,"Si ya los viste en TikTok, esto es tu señal. 👀 Los helados asiáticos virales llegaron a Morelos. Ven a probarlos antes de que todos tengan un favorito menos tú. --- If you’ve seen them on TikTok, this is your sign. 👀 The viral Asian ice creams are now at Morelos. Come try them before everyone has a favorite but you.",Supermercados Morelos,1648,1102,5,0,0,1,6,0.0036407766990291263,0,0,0,1648,1102,6,False
2026-05-15,2026-05,Instagram,Carousel,"Si ya los viste en TikTok, esto es tu señal. 👀 Los helados asiáticos virales llegaron a Morelos. Ven a probarlos antes de que todos tengan un favorito menos tú. --- If you’ve seen them on TikTok, this is your sign. 👀 The viral Asian ice creams are now at Morelos. Come try them before everyone has a favorite but you.",supermercadomorelos,559,264,12,0,0,1,13,0.023255813953488372,0,0,0,559,264,13,False
2026-05-16,2026-05,Facebook,Reel,"We had a beautiful time at the Asian American Night Market last night celebrating and uplifting the AAPI community! Thank you for stopping by the Supermercados Morelos table and sampling our Asian product line. Thank you Tulsa Global District, diversity is good for Tulsa!!!🤩 ¡Pasamos un momento maravilloso anoche en el Asian American Night Market, celebrando y apoyando a la comunidad AAPI! Gracias por visitar el puesto de Supermercados Morelos y probar nuestra línea de productos asiáticos. ¡¡¡La diversidad es buena para Tulsa!!!🤩",Supermercados Morelos,2891,2222,12,3,0,0,15,0.005188516084399862,0,0,0,2891,2222,15,False
2026-05-16,2026-05,Facebook + Instagram,Carousel,"🔥 ¡Hoy vivimos otro increíble día lleno de sabor con Marinados Morelos! 🙌🥩 Queremos agradecer a todas las personas que nos acompañaron hoy en nuestras tiendas de Broken Arrow (Tulsa) y 23rd (OKC). Gracias por ser parte de esta experiencia, disfrutar de las degustaciones y compartir con nosotros un día lleno de parrilla, sabor y gran ambiente 💛🔥 ¿Y saben qué? 👀 ¡Mañana seguimos con más degustaciones y muchísimo sabor listo para cocinar! 📍 MAÑANA desde la 1PM: • Tulsa – Admiral • OKC – Moore Los esperamos para que prueben nuestros Marinados Morelos y disfruten junto a su familia de un fin de semana lleno de sabor 🤤🔥 Pásenle, prueben sus favoritos y prepárense para seguir disfrutando del auténtico sabor de Marinados Morelos 😉 #MarinadosMorelos #ListosParaElSabor #Tulsa #OKC #Degustaciones #FinDeSemanaConSabor #Parrilla #SaborQueEnamora #AntojoListo ----------------------------------------------------------------------------------------------- 🔥 What an amazing day full of flavor with Marinados Morelos! 🙌🥩 We want to thank everyone who stopped by our Broken Arrow (Tulsa) and 23rd (OKC) locations today. Thank you for being part of the experience, enjoying the samples, and spending the day with us surrounded by great food, grilled flavor, and an awesome atmosphere 💛🔥 And guess what? 👀 We’re not done yet… tomorrow we’re bringing even more flavor your way! 📍 TOMORROW starting at 1PM: • Tulsa – Admiral • OKC – Moore Come by with the family, try our Marinados Morelos, and enjoy a weekend packed with flavor and fresh-off-the-grill goodness 🤤🔥 You bring the craving… we’ll bring the flavor 😉 #MarinadosMorelos #ReadyForFlavor #Tulsa #OKC #WeekendVibes #FoodSampling #GrillSeason #FlavorPacked #FamilyWeekend",,10730,6026,37,0,0,1,38,0.0035414725069897483,0,0,0,10730,6026,38,True
2026-05-16,2026-05,Facebook + Instagram,Carousel,"Gracias al Caucus Legislativo Latino de Oklahoma por organizar un Día de la Cultura Hispana tan significativo en el Capitolio Estatal de Oklahoma. Estamos muy agradecidos por la invitación y por la oportunidad de compartir nuestra comida, tradiciones y cultura con la comunidad. Fue un honor ser parte de un día que celebra el impacto y las contribuciones de la comunidad hispana en Oklahoma. ¡Gracias a todos los que nos acompañaron y celebraron con nosotros! #diadelaculturahispana Thank you to the Oklahoma Legislative Latino Caucus for organizing such a meaningful Hispanic Culture Day at the Oklahoma State Capitol. We’re grateful for the invitation and the opportunity to share our food, traditions, and culture with the community. It was an honor to be part of a day celebrating the impact and contributions of the Hispanic community in Oklahoma. Thank you to everyone who came out and celebrated with us!",,6669,3085,98,0,0,5,103,0.015444594391962814,0,0,0,6669,3085,103,True
2026-05-18,2026-05,Facebook,Photo,"No te lo damos armado. Te damos todo para que lo armes a tu manera. Carne marinada, tortillas, salsa, cilantro, cebolla y limones. Todo en Morelos, todo en una sola vuelta. ---- We don't hand it to you ready-made. We give you everything to make it your way. One stop. That's all it takes.",Supermercados Morelos,3167,2181,12,2,0,1,15,0.00473634354278497,0,0,0,3167,2181,15,False
2026-05-18,2026-05,Facebook,Photo,📣¡Estamos contratando! Ven y forma parte de nuestro equipo. 👉Envía tu solicitud a través de este enlace! https://jobs.supermercadosmorelos.com/Apply/New o ¡Visita tu tienda más cercana y llena una solicitud! ¡Queremos conocerte! 🤝 --------------------------------------------------------------------- 📣We're hiring! Apply now and become part of our team! 👉Apply through this link! https://jobs.supermercadosmorelos.com/Apply/New or Visit the closest store to you and fill out an application! We want to meet you! 🤝 ____________ #jobapplication #wehiring #EstamosContratando #SupermercadosMorelos,Supermercados Morelos,3947,2304,8,3,0,4,15,0.003800354699771979,0,0,0,3947,2304,15,False
2026-05-18,2026-05,Facebook + Instagram,Carousel,"🔥 ¡Gracias por acompañarnos otro increíble fin de semana con Marinados Morelos! 🙌🥩 Queremos agradecer a todas las personas que nos visitaron ayer en nuestras tiendas de Admiral (Tulsa) y Moore (OKC). Gracias por disfrutar de las degustaciones, la parrilla y el gran ambiente junto a nosotros 💛🔥 Y esto continúa… 👀 📍 PRÓXIMO SÁBADO: • Tulsa – Garnett • OKC – 50th NW 📍 PRÓXIMO DOMINGO: • Tulsa – 31/129 • OKC – 59th Los esperamos el próximo fin de semana para seguir disfrutando juntos del auténtico sabor de Marinados Morelos 🤤🔥 Ustedes ponen el antojo… nosotros ponemos el sabor 😉 #MarinadosMorelos #ListosParaElSabor #Tulsa #OKC #Degustaciones #Parrilla #SaborQueEnamora ----------------------------------------------------------------------------------------------- 🔥 Thank you for joining us for another amazing weekend with Marinados Morelos! 🙌🥩 We want to thank everyone who stopped by our Admiral (Tulsa) and Moore (OKC) stores yesterday. Thank you for enjoying the samples, the grill, and the great atmosphere with us 💛🔥 And we’re not done yet… 👀 📍 NEXT SATURDAY: • Tulsa – Garnett • OKC – 50th NW 📍 NEXT SUNDAY: • Tulsa – 31/129 • OKC – 59th Come see us next weekend and keep enjoying the authentic flavor of Marinados Morelos with your family and friends 🤤🔥 You bring the craving… we’ll bring the flavor 😉 #MarinadosMorelos #ReadyForFlavor #Tulsa #OKC #Samples #WeekendFlavor #GrillSeason #FlavorYouLove",,8766,3821,43,0,2,1,46,0.005247547342003194,0,0,0,8766,3821,46,True
2026-05-18,2026-05,Instagram,Photo,"No te lo damos armado. Te damos todo para que lo armes a tu manera. Carne marinada, tortillas, salsa, cilantro, cebolla y limones. Todo en Morelos, todo en una sola vuelta. ---- We don't hand it to you ready-made. We give you everything to make it your way. One stop. That's all it takes.",supermercadomorelos,351,219,5,0,0,0,5,0.014245014245014245,0,0,0,351,219,5,False
2026-05-19,2026-05,Facebook + Instagram,Photo,Dijiste que hoy no ibas a gastar… 😮‍💨 pero nadie es fuerte en Taco Tuesday 🌮 👉 5 tacos por $5 You said you weren’t spending today… but Taco Tuesday always wins 🌮 👉 5 tacos for $5,"Supermercados Morelos, supermercadomorelos",2237,1286,16,2,3,1,22,0.009834599910594547,0,0,0,2237,1286,22,True
2026-05-20,2026-05,Facebook,Carousel,"Un fin de semana largo de tres días es una bendición. Y esa bendición se celebra de una sola forma: parrilla encendida, familia reunida, Morelos de por medio. Sin complicaciones, sin tres tiendas. Una sola vuelta y ya está todo. --- A three-day long weekend is a blessing. And that blessing is celebrated one way: grill on, family together, Morelos in the middle. No complications, no three different stores. One stop and you're done.",Supermercados Morelos,1381,917,6,0,0,1,7,0.005068790731354091,0,0,0,1381,917,7,False
2026-05-20,2026-05,Facebook + Instagram,Photo,"El fútbol no solo se ve... se vive. Y muy pronto, lo vas a vivir diferente. 👀 The game isn't just watched... it's lived. And very soon, you'll experience it differently. 👀","Supermercados Morelos, supermercadomorelos",2971,1487,32,0,0,6,38,0.012790306294177045,0,0,0,2971,1487,38,True
2026-05-20,2026-05,Instagram,Carousel,"Un fin de semana largo de tres días es una bendición. Y esa bendición se celebra de una sola forma: parrilla encendida, familia reunida, Morelos de por medio. Sin complicaciones, sin tres tiendas. Una sola vuelta y ya está todo. --- A three-day long weekend is a blessing. And that blessing is celebrated one way: grill on, family together, Morelos in the middle. No complications, no three different stores. One stop and you're done.",supermercadomorelos,319,151,6,0,0,0,6,0.018808777429467086,0,0,0,319,151,6,False
2026-05-21,2026-05,Facebook + Instagram,Photo,"☕ No necesito una frase motivacional. Necesito buen café. Y ya lo tenemos en Morelos. Despierta a la tradición con nuestro Café Morelos. Recién hecho, con el sabor que mereces… 📍 Ya lo encuentras en Admiral y Moore. Próximamente en todas tus tiendas. —---- ☕ I don’t need a motivational quote. I need good coffee. And now it’s at Morelos. Wake up to tradition with Café Morelos. Freshly brewed, with the flavor you deserve… and deals that actually make sense. 📍 Now available at Admiral and Moore. Coming soon to all stores.","Supermercados Morelos, supermercadomorelos",1887,1085,14,0,0,1,15,0.00794912559618442,0,0,0,1887,1085,15,True
2026-05-22,2026-05,Facebook,Carousel,"Para una familia latina de primera generación, la graduación de un hijo es la prueba de que el sacrificio valió la pena. La celebración debe estar a la altura. Morelos lo resuelve en una vuelta. Todo lo que necesitas, en un solo lugar. --- For a first-generation Latino family, a child's graduation is proof that the sacrifice was worth it. The celebration should match that. Morelos handles it in one stop. Everything you need, in one place.",Supermercados Morelos,2532,1648,10,0,0,1,11,0.004344391785150079,0,0,0,2532,1648,11,False
2026-05-22,2026-05,Instagram,Carousel,"Para una familia latina de primera generación, la graduación de un hijo es la prueba de que el sacrificio valió la pena. La celebración debe estar a la altura. Morelos lo resuelve en una vuelta. Todo lo que necesitas, en un solo lugar. --- For a first-generation Latino family, a child's graduation is proof that the sacrifice was worth it. The celebration should match that. Morelos handles it in one stop. Everything you need, in one place.",supermercadomorelos,589,258,14,1,0,0,15,0.025466893039049237,0,0,0,589,258,15,False
2026-05-25,2026-05,Facebook,Photo,"Ver tortillas de maíz de verdad, chile pasilla y frijoles de la olla en un supermercado es una señal de que ese lugar te conoce. ¿Qué no puede faltar en la tuya? --- Seeing real corn tortillas, chile pasilla, and pot beans at a supermarket is a sign that this place knows you. What can't be missing from yours?",Supermercados Morelos,1854,1212,7,0,0,1,8,0.004314994606256742,0,0,0,1854,1212,8,False
2026-05-25,2026-05,Facebook + Instagram,Carousel,"🔥 ¡Gracias por acompañarnos este fin de semana en nuestras degustaciones de Marinados Morelos! 🙌🥩 Queremos agradecer a todas las familias y clientes que nos visitaron en nuestras tiendas de Garnett y 31/129 en Tulsa, así como en 50th y 59th en OKC 💛🔥 Gracias por disfrutar con nosotros del sabor, las degustaciones y el gran ambiente que hicieron de este fin de semana algo increíble 🤤✨ ¡Y esto continúa! 👀🔥 📅 Los esperamos el próximo fin de semana con más sabor listo para cocinar 👇 📍 TULSA • Peoria • Harvard 📍 OKC • MacArthur • 23rd Vengan a probar nuestros deliciosos Marinados Morelos y disfruten de una experiencia llena de sabor junto a toda la familia 🥩🔥 Ustedes ponen el antojo… nosotros ponemos el sabor 😉 #MarinadosMorelos #ListosParaElSabor #Tulsa #OKC #Degustaciones #FinDeSemanaConSabor #Parrilla #SaborQueEnamora #AntojoListo ----------------------------------------------------------------------------------------------- 🔥 What an amazing weekend full of flavor with Marinados Morelos! 🙌🥩 A huge thank you to all the families and customers who stopped by our tastings this weekend at our Garnett and 31/129 stores in Tulsa, as well as our 50th and 59th stores in OKC 💛🔥 From the smell of the grill to every sample shared, you made this weekend truly special 🤤✨ And we’re just getting started… 👀🔥 📅 Join us again next weekend for more delicious flavor that’s ready to cook 👇 📍 TULSA • Peoria • Harvard 📍 OKC • MacArthur • 23rd Come by, try our delicious Marinados Morelos, and enjoy a flavor-packed experience with the whole family 🥩🔥 You bring the craving… we’ll bring the flavor 😉 #MarinadosMorelos #ReadyForFlavor #Tulsa #OKC #Tastings #WeekendFlavor #GrillSeason #FlavorYoullLove #FlavorReadyToCook",,8942,4645,21,1,1,2,25,0.0027957951241333037,0,0,0,8942,4645,25,True
2026-05-25,2026-05,Instagram,Photo,"Ver tortillas de maíz de verdad, chile pasilla y frijoles de la olla en un supermercado es una señal de que ese lugar te conoce. ¿Qué no puede faltar en la tuya? --- Seeing real corn tortillas, chile pasilla, and pot beans at a supermarket is a sign that this place knows you. What can't be missing from yours?",supermercadomorelos,353,229,2,0,0,0,2,0.0056657223796034,0,0,0,353,229,2,False
2026-05-26,2026-05,Facebook,Photo,Supermercados Morelos added a new photo.,Supermercados Morelos,2237,1499,27,1,0,1,29,0.012963790791238265,0,0,0,2237,1499,29,False
2026-05-26,2026-05,Facebook,Photo,Supermercados Morelos updated their cover photo.,Supermercados Morelos,2,2,7,0,0,0,7,3.5,0,0,0,2,2,7,False
2026-05-26,2026-05,Facebook,Photo,"¡Pa’quete lo lleves! 🌮🔥 Todo lo que necesitas para una buena comida en un solo paquete 😋 Incluye 3 lb de carnitas jugosas, tortillas Calvillo, salsa, cebolla, cilantro y 2 LT de Manzanita Sol. Disponible en TODAS nuestras sucursales por solo $29.99 USD. --- Take it to-go! 🌮🔥 Everything you need for a delicious meal in one package 😋 Includes 3 lb of juicy carnitas, Calvillo tortillas, salsa, onion, cilantro, and a 2L Manzanita Sol. Available at ALL our locations for just $29.99 USD.",Supermercados Morelos,1938,1353,2,0,0,1,3,0.0015479876160990713,0,0,0,1938,1353,3,False
2026-05-26,2026-05,Facebook + Instagram,Other,¡Muy pronto! ——————- Coming soon!,"Supermercados Morelos, supermercadomorelos",55005,30926,104,5,4,5,118,0.002145259521861649,53157,30155,101,1848,771,17,True
2026-05-26,2026-05,Instagram,Photo,"¡Pa’quete lo lleves! 🌮🔥 Todo lo que necesitas para una buena comida en un solo paquete 😋 Incluye 3 lb de carnitas jugosas, tortillas Calvillo, salsa, cebolla, cilantro y 2 LT de Manzanita Sol. Disponible en TODAS nuestras sucursales por solo $29.99 USD. --- Take it to-go! 🌮🔥 Everything you need for a delicious meal in one package 😋 Includes 3 lb of juicy carnitas, Calvillo tortillas, salsa, onion, cilantro, and a 2L Manzanita Sol. Available at ALL our locations for just $29.99 USD.",supermercadomorelos,398,250,2,0,0,0,2,0.005025125628140704,0,0,0,398,250,2,False
2026-05-27,2026-05,Facebook,Photo,"Para el latino que vive en USA, cocinar no es solo preparar comida. Es un acto de memoria. El olor del guiso en la estufa, las manos de tu mamá amasando, la voz de tu abuela dando instrucciones que nunca escribió nadie. Esos momentos no se olvidan. Y con los ingredientes correctos, regresan solos. Cuéntanos: ¿qué receta se prepara para toda la familia en tu casa? --- For the Latino living in the US, cooking isn't just making food. It's an act of memory. The smell of the stew on the stove, your mom's hands kneading dough, your grandmother's voice giving instructions no one ever wrote down. Those moments don't fade. And with the right ingredients, they come back on their own. Tell us: what recipe does your family make for everyone?",Supermercados Morelos,1477,1036,7,0,0,1,8,0.005416384563303994,0,0,0,1477,1036,8,False
2026-05-27,2026-05,Facebook,Carousel,Hay antojos que empiezan en casa 🇲🇽 Encuentra todo lo que necesitas para cocinar tus platillos favoritos en Supermercados Morelos 🛒💛 Some cravings start at home 💛 Find everything you need to cook your favorite meals at Supermercados Morelos 🛒,Supermercados Morelos,1519,1038,9,0,0,1,10,0.0065832784726793945,0,0,0,1519,1038,10,False
2026-05-27,2026-05,Facebook + Instagram,Carousel,Hay antojos que empiezan en casa 🇲🇽 Encuentra todo lo que necesitas para cocinar tus platillos favoritos en Supermercados Morelos 🛒💛 Some cravings start at home 💛 Find everything you need to cook your favorite meals at Supermercados Morelos 🛒,,1846,1005,12,2,0,1,15,0.008125677139761646,0,0,0,1846,1005,15,True
2026-05-27,2026-05,Instagram,Photo,"Para el latino que vive en USA, cocinar no es solo preparar comida. Es un acto de memoria. El olor del guiso en la estufa, las manos de tu mamá amasando, la voz de tu abuela dando instrucciones que nunca escribió nadie. Esos momentos no se olvidan. Y con los ingredientes correctos, regresan solos. Cuéntanos: ¿qué receta se prepara para toda la familia en tu casa? --- For the Latino living in the US, cooking isn't just making food. It's an act of memory. The smell of the stew on the stove, your mom's hands kneading dough, your grandmother's voice giving instructions no one ever wrote down. Those moments don't fade. And with the right ingredients, they come back on their own. Tell us: what recipe does your family make for everyone?",supermercadomorelos,286,193,2,0,0,0,2,0.006993006993006993,0,0,0,286,193,2,False
2026-05-28,2026-05,Facebook + Instagram,Reel,Hace calor… y tu cuerpo lo sabe 🧊 Pásate por tus aguas frescas a Morelos 💛 It’s hot… and your body knows it 🧊 Cool off with aguas frescas at Morelos 💛,"Supermercados Morelos, supermercadomorelos",2952,1193,23,0,0,3,26,0.008807588075880758,0,0,0,2952,1193,26,True
2026-05-28,2026-05,TikTok,Video,Hace calor… y tu cuerpo lo sabe / Aguas frescas,Supermercados Morelos,423,0,15,1,1,1,18,0.0425531914893617,0,0,0,423,0,18,False
2026-05-29,2026-05,Facebook,Photo,"En la cultura latina, servir la comida es un acto de amor. Las manos que sirven son las manos que cuidan. Tú llevas el amor. Morelos pone el sabor. --- In Latino culture, serving food is an act of love. The hands that serve are the hands that care. You bring the love. Morelos brings the flavor.",Supermercados Morelos,2050,1366,10,0,0,1,11,0.005365853658536586,0,0,0,2050,1366,11,False
2026-05-29,2026-05,Instagram,Carousel,"¡SORTEO DOBLE: GRUPO FRONTERA + EZ BAND! ¡Prepárate para un verano lleno de música en vivo! 🎵🎶 Nos hemos asociado con nuestros amigos de @okczooamp y @beercitymusichall para regalarle a un afortunado/una afortunada un increíble paquete de conciertos: 🎟️ Un par de entradas para ver a Grupo Frontera EN VIVO el 25 de julio en OKC Zoo Amphitheatre. 🎟️ Un par de entradas para ver a EZ Band EN VIVO el viernes 5 de junio en Beer City Music Hall. ¡Dos noches inolvidables de música en vivo y un solo ganador/ganadora! ¿Cómo participar? - Sigue a @supermercadomorelos @okczooamp y @beercityokc - Dale like a esta publicación y compártela en tu historia - Etiqueta a 3 amigos en los comentarios con quienes te gustaría ir El sorteo termina el domingo 31 de mayo. El ganador/la ganadora será anunciado el lunes 1 de junio. DOUBLE GIVEAWAY: GRUPO FRONTERA + EZ BAND! Get ready for a summer full of live music 🎵🎶 We’ve teamed up with our friends at @okczooamp and @beercityokc to give one lucky winner an incredible concert package: 🎟️ A pair of tickets to see Grupo Frontera LIVE on July 25 at OKC Zoo Amphitheatre. 🎟️ A pair of tickets to see EZ Band LIVE on Friday, June 5 at Beer City Music Hall. Two unforgettable nights of live music and one lucky winner! How to enter:",supermercadomorelos,54987,23852,567,122,23,74,786,0.01429428774073872,0,0,0,54987,23852,786,False
2026-05-30,2026-05,Facebook + Instagram,Carousel,"🔥 ¡Gracias por acompañarnos hoy en nuestras degustaciones de Marinados Morelos! 🙌🥩 Queremos agradecer a todas las familias y clientes que nos visitaron hoy en nuestras tiendas de Peoria en Tulsa y MacArthur en OKC 💛🔥 Gracias por disfrutar con nosotros del sabor, las degustaciones y el gran ambiente que hicieron de este sábado algo increíble 🤤✨ ¡Y mañana domingo continuamos con más sabor! 👀🔥 📅 Los esperamos mañana a la misma hora en nuestras siguientes sucursales 👇 📍 TULSA • Harvard 📍 OKC • 23rd Vengan a probar nuestros deliciosos Marinados Morelos y disfruten de una experiencia llena de sabor junto a toda la familia 🥩🔥 Ustedes ponen el antojo… nosotros ponemos el sabor 😉 #MarinadosMorelos #ListosParaElSabor #Tulsa #OKC #Degustaciones #FinDeSemanaConSabor #Parrilla #SaborQueEnamora #antojolisto ----------------------------------------------------------------------------------------------- 🔥 Thank you for joining us today at our Marinados Morelos tastings! 🙌🥩 We want to thank all the families and customers who stopped by our Peoria store in Tulsa and our MacArthur store in OKC today 💛🔥 Thank you for enjoying the flavor, tastings, and great atmosphere with us and making this Saturday an amazing experience 🤤✨ And the flavor continues tomorrow Sunday! 👀🔥 📅 Join us tomorrow at the same time at the following locations 👇 📍 TULSA • Harvard 📍 OKC • 23rd Come try our delicious Marinados Morelos and enjoy a flavor-packed experience with the whole family 🥩🔥 You bring the craving… we’ll bring the flavor 😉 #MarinadosMorelos #ReadyForFlavor #Tulsa #OKC #Tastings #WeekendFlavor #GrillSeason #FlavorYoullLove #CravingReady",,13820,7919,30,1,0,1,32,0.0023154848046309695,0,0,0,13820,7919,32,True
2026-06-01,2026-06,Facebook + Instagram,Carousel,"🥩🔥 ¡Gracias por acompañarnos en otro fin de semana lleno de sabor con Marinados Morelos! 🙌 Queremos agradecer a todos los que nos visitaron en nuestras tiendas de Harvard (Tulsa) y 23rd (OKC). Cada degustación y cada familia que nos acompañó hicieron que este fin de semana fuera todo un éxito 💛✨ Nos encanta ver cómo cada vez más personas descubren el sabor de nuestros Marinados Morelos y los convierten en parte de sus reuniones y parrilladas 🤤🔥 📅 Y atención porque el próximo 6 y 7 de junio serán nuestros últimos días de degustaciones… Pero no es una despedida 👀✨ Es el comienzo de nuevas sorpresas que muy pronto estaremos compartiendo con todos ustedes 🎉🔥 Así que prepárense para cerrar estas degustaciones con mucho sabor, buen ambiente y algo especial en camino 🙌🥩 #MarinadosMorelos #Tulsa #OKC #Degustaciones #SaborALaParrilla #ListosParaCocinar #FinDeSemanaConSabor #saborqueenamora ----------------------------------------------------------------------------------------------- 🥩🔥 Thank you for joining us for another weekend full of flavor with Marinados Morelos! 🙌 We want to thank everyone who stopped by our Harvard (Tulsa) and 23rd (OKC) locations. Every sample, every bite, and every family that joined us helped make this weekend a huge success 💛✨ We love seeing more and more people discover the amazing flavor of Marinados Morelos and make them part of their family cookouts and weekend grilling 🤤🔥 📅 And don’t forget — June 6th and 7th will be our final tasting weekend… But this isn’t goodbye 👀✨ It’s just the beginning of some exciting surprises we’ll be sharing with you very soon 🎉🔥 So get ready to close out these tastings with great flavor, good vibes, and something special on the way 🙌🥩 #MarinadosMorelos #Tulsa #OKC #Tastings #GrillSeason #ReadyToCook #WeekendFlavor #FlavorYoullLove",,10412,5912,34,0,0,2,36,0.0034575489819439107,0,0,0,10412,5912,36,True
2026-06-01,2026-06,Facebook + Instagram,Carousel,"El fútbol se ve mejor comiendo 😌 Cada país tiene su forma de vivirlo, pero algo es seguro: siempre hay botanita Guarda este post para el próximo partido ⚽ —— The game is better with food 😌 Every country has its own way to enjoy it, but one thing is always true: there’s always snacks Save this post for the next game ⚽",,2590,983,16,0,1,1,18,0.0069498069498069494,0,0,0,2590,983,18,True
2026-06-02,2026-06,Facebook + Instagram,Carousel,Este calor se disfruta con estas recetas ☀️ guarda estas ideas para cuando necesites algo fresco 👀 Heat like this calls for something good ☀️ save this for later 👀,,3530,1892,22,2,0,1,25,0.007082152974504249,0,0,0,3530,1892,25,True
2026-06-03,2026-06,Facebook + Instagram,Photo,Si todavía quedan poppers al final del partido… algo salió mal 😭⚽ If there’s still poppers left after the game… something went wrong 😭⚽,"Supermercados Morelos, supermercadomorelos",2291,1161,11,0,0,1,12,0.005237887385421213,0,0,0,2291,1161,12,True
2026-06-04,2026-06,Facebook + Instagram,Reel,We asked… 👀 —-— Nosotros preguntamos… 😌,"Supermercados Morelos, supermercadomorelos",12332,3072,26,10,0,1,37,0.003000324359390204,0,0,0,12332,3072,37,True
2026-06-04,2026-06,TikTok,Video,We Asked…,Supermercados Morelos,496,0,16,0,1,2,19,0.038306451612903226,0,0,0,496,0,19,False
2026-06-05,2026-06,Facebook,Text,"ACTUALIZACIÓN DEL EVENTO: Debido al pronóstico de mal tiempo para este sabado, este evento ha sido cancelado. Estamos trabajando con el Departamento de Policía de Moore para reprogramarlo lo antes posible. Publicaremos las actualizaciones aquí. EVENT UPDATE: Due to expected bad weather this Saturday, this event has been cancelled. We are working with the Moore Police Department to reschedule as soon as possible. We will post updates here.",Supermercados Morelos,1830,1136,4,0,0,2,6,0.003278688524590164,0,0,0,1830,1136,6,False
2026-06-05,2026-06,Facebook,Photo,"Hay botanas que automáticamente te regresan a partidos, reuniones y tardes viendo fútbol 😭⚽🌶️ Y estas son una de ellas. — Some snacks instantly take you back to game nights, family gatherings and football afternoons 😭⚽🌶️ And these are definitely one of them.",Supermercados Morelos,1408,898,12,0,0,0,12,0.008522727272727272,0,0,0,1408,898,12,False
2026-06-05,2026-06,Instagram,Photo,"Hay botanas que automáticamente te regresan a partidos, reuniones y tardes viendo fútbol 😭⚽🌶️ Y estas son una de ellas. — Some snacks instantly take you back to game nights, family gatherings and football afternoons 😭⚽🌶️ And these are definitely one of them.",supermercadomorelos,384,259,9,2,0,0,11,0.028645833333333332,61,56,1,323,203,10,False
2026-06-07,2026-06,Instagram,Photo,"SAVE THE DATE! We are excited to announce this year’s Festival de Vida y Muerte will take place on Sunday, November 1st, 2026, at @scissortailpark Each year, we come together to honor our loved ones, share traditions, and celebrate the rich heritage that makes our community so special. Mark your calendars and stay tuned - Vendor, exhibitor, and participant applications will be available soon! Let’s celebrate life together! ¡GUARDEN LA FECHA! Nos emociona anunciar que el Festival de Vida y Muerte se llevará a cabo el domingo 1ro de noviembre del 2026, en Scissortail Park. Cada año nos reunimos para honrar a nuestros seres queridos, compartir nuestras tradiciones y celebrar la riqueza cultural que hace tan especial a nuestra comunidad. ¡Aparten la fecha y manténganse al pendiente! Muy pronto compartiremos las aplicaciones para vendedores, expositores y participantes. ¡Celebremos juntos la vida!",okcfestivalvidaymuerte,4824,2855,99,2,0,30,131,0.027155887230514097,0,0,0,4824,2855,131,False
2026-06-08,2026-06,Facebook,Photo,¿Vienes al súper? 👀⚽ Aprovecha y juega futbolito este fin de semana en nuestras tiendas Admiral y MacArthur. 🎉 Participa y gana premios. —--- Coming to the store? 👀⚽ Stop by and play foosball this weekend at our Admiral and MacArthur locations. 🎉 Play and win prizes.,Supermercados Morelos,15764,9057,215,3,1,12,231,0.014653641207815276,12725,7306,217,3039,1751,14,False
2026-06-08,2026-06,Instagram,Photo,¿Vienes al súper? 👀⚽ Aprovecha y juega futbolito este fin de semana en nuestras tiendas Admiral y MacArthur. 🎉 Participa y gana premios. —--- Coming to the store? 👀⚽ Stop by and play foosball this weekend at our Admiral and MacArthur locations. 🎉 Play and win prizes.,supermercadomorelos,7673,3255,306,3,12,8,329,0.04287762283331161,7285,3072,314,388,183,15,False
2026-06-09,2026-06,Facebook,Photo,Para los nervios del partido 🌶️😭⚽ For the stress of the match 🌶️😭⚽,Supermercados Morelos,1265,841,9,0,0,0,9,0.0071146245059288534,0,0,0,1265,841,9,False
2026-06-09,2026-06,Instagram,Photo,Para los nervios del partido 🌶️😭⚽ For the stress of the match 🌶️😭⚽,supermercadomorelos,263,171,6,0,0,0,6,0.022813688212927757,0,0,0,263,171,6,False
2026-06-10,2026-06,Facebook + Instagram,Carousel,Todos tenemos un amigo así viendo el partido 😭⚽ Etiquetalo aquí 👀 —--- We all know someone like this during the game 😭⚽ Tag them here 👀,,1454,612,17,0,0,0,17,0.011691884456671253,0,0,0,1454,612,17,True
2026-06-11,2026-06,Facebook + Instagram,Photo,"Ganar tiene un dulce sabor… y en Morelos sabe a Concha Tricolor. 🟢⚪🔴 Celebra el triunfo de México con un antojo que sabe tan dulce como una primera victoria lista para compartir con la familia. ⚽🎉 Winning has a sweet taste… and at Morelos, it tastes like a Tricolor Concha. 🟢⚪🔴 Celebrate Mexico’s win with a treat that tastes as sweet as a first victory, ready to share with the family. ⚽🎉","Supermercados Morelos, supermercadomorelos",2206,963,26,2,1,2,31,0.014052583862194016,0,0,0,2206,963,31,True
2026-06-11,2026-06,Facebook + Instagram,Photo,"Hay partidos que se gritan, se sufren y se celebran en familia 🇲🇽⚽ Y para esos momentos, nada como unas carnitas de Morelos en la mesa. Ven por tu paquete para que tú solo te preocupes por disfrutar y apoyar a México con los tuyos. Some games are cheered, felt, and celebrated with family 🇲🇽⚽ And for those moments, nothing beats having Morelos carnitas on the table. Stop by Morelos for your carnitas package, so all you have to worry about is enjoying the game and cheering on Mexico with your loved ones.","Supermercados Morelos, supermercadomorelos",2291,1185,25,0,1,4,30,0.013094718463553033,0,0,0,2291,1185,30,True
2026-06-12,2026-06,Facebook + Instagram,Reel,Ibas por una cosa… y saliste con un pedacito de casa 💛 Hay cosas que no solo compras… te conectan con tus tradiciones Viva la tradición. —------- You went in for one thing… and left with a piece of home 💛 Some things you don’t just buy… they connect you to your roots,"Supermercados Morelos, supermercadomorelos",1303,792,16,0,0,0,16,0.012279355333844973,0,0,0,1303,792,16,True
2026-06-13,2026-06,Facebook + Instagram,Photo,"Este fin de semana la reta se arma en Morelos ⚽🔥 Ven con tu familia, juega futbolito y vive la emoción del fútbol en nuestras tiendas Admiral y MacArthur. 📍 Admiral | MacArthur 🗓️ Sábados y domingos ⏰ 1:00 - 3:00 PM ——— This weekend, the game is on at Morelos ⚽🔥 Bring your family, play foosball, and enjoy the soccer excitement at our Admiral and MacArthur locations. 📍 Admiral | MacArthur 🗓️ Saturdays and Sundays ⏰ 1:00 - 3:00 PM","Supermercados Morelos, supermercadomorelos",2239,1066,22,0,0,0,22,0.00982581509602501,0,0,0,2239,1066,22,True
2026-06-16,2026-06,Facebook + Instagram,Photo,"En Morelos la pasión por el fútbol se siente en cada jugada ⚽💚 Por eso tenemos para ti estos balones exclusivos. Además, durante nuestros partidos de futbolito en tienda, ¡también podrás participar por el tuyo! 🎉 Visítanos, participa y sé parte de la jugada. ——— In Morelos, the passion for soccer is felt in every play ⚽💚 That’s why we’ve got these exclusive soccer balls just for you. And during our in-store foosball matches, you’ll also get the chance to win one! 🎉 Visit us, join the fun, and be part of the play.","Supermercados Morelos, supermercadomorelos",1752,858,17,0,0,2,19,0.010844748858447488,0,0,0,1752,858,19,True
2026-06-17,2026-06,Facebook,Photo,📣¡Estamos contratando! Ven y forma parte de nuestro equipo. 👉Envía tu solicitud a través de este enlace! https://jobs.supermercadosmorelos.com/Apply/New o ¡Visita tu tienda más cercana y llena una solicitud! ¡Queremos conocerte! 🤝 --------------------------------------------------------------------- 📣We're hiring! Apply now and become part of our team! 👉Apply through this link! https://jobs.supermercadosmorelos.com/Apply/New or Visit the closest store to you and fill out an application! We want to meet you! 🤝 ____________ #jobapplication #wehiring #EstamosContratando #SupermercadosMorelos,Supermercados Morelos,22500,12032,285,35,10,17,347,0.015422222222222223,10844,7382,309,11656,4650,38,False
2026-06-17,2026-06,Facebook + Instagram,Photo,"☕ En Morelos ya tenemos zona de café. Recién hecho, con el sazón de siempre y promos para iniciar bien el día. 📍 En Admiral y Moore. Próximamente en todas tus tiendas. —--- ☕ Morelos now has a coffee zone. Freshly brewed, with that classic flavor and deals to set you off to a great start. 📍 At Admiral and Moore. Coming soon to all stores.","Supermercados Morelos, supermercadomorelos",1784,932,11,0,1,0,12,0.006726457399103139,0,0,0,1784,932,12,True
2026-06-18,2026-06,Facebook + Instagram,Photo,"La pasión se vive, la salsa se disfruta. 🇲🇽🌮🔥 Feel the passion. Savor the salsa. 🇲🇽🌮🔥","Supermercados Morelos, supermercadomorelos",1865,925,14,0,2,0,16,0.008579088471849867,0,0,0,1865,925,16,True
2026-06-21,2026-06,Facebook,Reel,"Porque papá merece un detalle especial 💙 En Supermercados Morelos queremos celebrar a todos los papás con un pequeño regalo lleno de cariño 🎁✨ ¡Visítanos y llévate uno de nuestros llaveros especiales del Día del Padre! 👨‍👧‍👦🔑 Because Dad deserves a special treat 💙 At Supermercados Morelos, we want to celebrate all dads with a little gift full of love 🎁✨ Come visit us and pick up one of our special Father's Day keychains! 👨‍👧‍👦🔑 #FathersDay #PapaMorelos #DíaDelPadre #SupermercadosMorelos #PapáMorelos",Supermercados Morelos,3006,2107,15,0,1,2,18,0.005988023952095809,0,0,0,3006,2107,18,False
2026-06-21,2026-06,Facebook,Photo,Si tu papá cumple con mínimo 5… 😭👀 ya califica oficialmente como papá latino certificado 💛 ¿Qué otra cualidad faltó? --- If your dad checks at least 5 of these… 👀 he officially qualifies as a certified Latino dad 💛,Supermercados Morelos,1426,909,9,0,0,0,9,0.006311360448807854,0,0,0,1426,909,9,False
2026-06-21,2026-06,Instagram,Photo,Si tu papá cumple con mínimo 5… 😭👀 ya califica oficialmente como papá latino certificado 💛 ¿Qué otra cualidad faltó? --- If your dad checks at least 5 of these… 👀 he officially qualifies as a certified Latino dad 💛,supermercadomorelos,412,258,10,0,0,0,10,0.024271844660194174,0,0,0,412,258,10,False
2026-06-22,2026-06,Facebook,Photo,Hay lugares donde compras… y lugares donde te sientes en casa 💛 gracias por elegir Morelos More than a store… it feels like home 💛 thanks for choosing Morelos,Supermercados Morelos,1248,775,8,2,0,0,10,0.008012820512820512,0,0,0,1248,775,10,False
2026-06-22,2026-06,Facebook + Instagram,Carousel,"Ayer los papás se llevaron más que el mandado… se llevaron su llaverito y todo el cariño de Morelos. 💚🔑 Gracias a todos los papás que nos visitaron y nos dejaron ser parte de su festejo. Entre risas, compras y mucho orgullo de papá, pasamos un día padrísimo. Porque papá siempre trae las llaves… y ahora también un recuerdito de Morelos. ✨ Yesterday, dads took home more than just groceries… they also took home a little keychain and lots of love from Morelos. 💚🔑 Thank you to all the dads who stopped by and let us be part of their celebration. Between laughs, shopping, cravings, and plenty of dad pride, we had such a great day. Because Dad always has the keys… and now he has a little Morelos keepsake too. ✨",,7621,3299,39,0,0,0,39,0.0051174386563443116,0,0,0,7621,3299,39,True
2026-06-22,2026-06,Instagram,Photo,Hay lugares donde compras… y lugares donde te sientes en casa 💛 gracias por elegir Morelos More than a store… it feels like home 💛 thanks for choosing Morelos,supermercadomorelos,375,229,4,0,0,0,4,0.010666666666666666,0,0,0,375,229,4,False
2026-06-23,2026-06,Facebook + Instagram,Photo,"Cada visita cuenta ⚽ Pide tu Pasaporte de la Afición, junta sellos y participa por premios. Every visit counts ⚽ Ask for your Fan Passport, collect stamps and earn rewards.","Supermercados Morelos, supermercadomorelos",2558,1472,22,2,0,1,25,0.009773260359655981,0,0,0,2558,1472,25,True
2026-06-23,2026-06,Facebook + Instagram,Carousel,"En Colombia, el fútbol se vive con buena vibra. 🇨🇴⚽ Se arma el plan, se comparte la botana y siempre llega alguien más. —---- In Colombia, football is all about good vibes. 🇨🇴⚽ Plans come together, snacks are shared, and there’s always room for one more.",,1754,743,18,2,0,2,22,0.012542759407069556,0,0,0,1754,743,22,True
2026-06-24,2026-06,Facebook + Instagram,Photo,"¿Y si sí? 🇲🇽⚽ Hoy se vale ilusionarse, gritar de emoción y creer en México. 💚 ¡Vamos México! ------- What if this is our moment? 🇲🇽⚽ Today, it’s okay to get your hopes up, cheer your heart out, and believe in Mexico. 💚 Let’s go!","Supermercados Morelos, supermercadomorelos",1769,967,28,1,0,8,37,0.020915771622385528,0,0,0,1769,967,37,True
2026-06-24,2026-06,Facebook + Instagram,Photo,Ya se siente esa temporada única ⚽ The season when everything starts to feel different ⚽,"Supermercados Morelos, supermercadomorelos",1233,665,16,0,0,0,16,0.012976480129764802,0,0,0,1233,665,16,True
2026-06-25,2026-06,Facebook,Photo,Abrir un Jarritos antes del partido >>> 😭⚽ Opening a Jarritos before the game >>> 😭⚽,Supermercados Morelos,1454,950,14,2,0,0,16,0.011004126547455296,0,0,0,1454,950,16,False
2026-06-25,2026-06,Instagram,Photo,Abrir un Jarritos antes del partido >>> 😭⚽ Opening a Jarritos before the game >>> 😭⚽,supermercadomorelos,256,163,4,0,0,0,4,0.015625,0,0,0,256,163,4,False
2026-06-26,2026-06,Facebook + Instagram,Photo,Hay selecciones que nunca fallan 😌⚽ Some lineups never fail 😌⚽,"Supermercados Morelos, supermercadomorelos",1782,920,12,2,0,0,14,0.007856341189674524,0,0,0,1782,920,14,True
2026-06-27,2026-06,Facebook,Reel,¡Futbolito en Morelos!,Supermercados Morelos,1191,1083,10,1,0,0,11,0.009235936188077247,0,0,0,1191,1083,11,False
2026-06-27,2026-06,Facebook + Instagram,Carousel,"🇻🇪Hoy, más que nunca, la solidaridad puede hacer la diferencia. Se reciben donaciones de: - Agua potable - Alimentos no perecederos - Ropa en buen estado - Artículos de higiene personal - Fórmula y alimento infantil - Linternas - Baterías - Alimento para mascotas - Insumos médicos de curación - Insumos para rescatistas. - Acércate a los centros de acopio y súmate. 💜Venezuela nos necesita. ------- 🇻🇪Now more than ever, solidarity can make a difference. Donations are being accepted, including: - Drinking water - Non-perishable food - Clothing in good condition - Personal hygiene products - Baby formula and infant food - Flashlights - Batteries - Pet food - Medical supplies for wound care - Rescue supplies. - Visit one of the drop-off locations and join the effort. 💜Venezuela needs us. @angelesdetulsa",,15041,6221,124,15,4,90,233,0.015490991290472707,0,0,0,15041,6221,233,True
2026-06-27,2026-06,Instagram,Carousel,"💛🇻🇪 ¡GRACIAS @supermercadomorelos 🇻🇪💛 Queremos expresar nuestro más sincero agradecimiento a Morelos por unirse a esta noble causa de apoyo a Venezuela. Su compromiso, solidaridad y disposición para ayudar hacen posible que más insumos lleguen a quienes más los necesitan en estos momentos difíciles. Cada aporte, cada esfuerzo y cada gesto de apoyo representa esperanza para miles de familias. Juntos demostramos que la solidaridad no tiene fronteras y que, cuando una comunidad se une, podemos lograr grandes cosas. ¡Gracias por ser parte de esta misión de ayuda y esperanza para Venezuela! 🙏❤️",angeles_tulsa,2736,1209,49,2,0,19,70,0.025584795321637425,0,0,0,2736,1209,70,False
2026-06-28,2026-06,Facebook + Instagram,Reel,"¡Feliz Domingo! Vengan a jugar futbolito con nosotros ⚽️⚽️ Hoy de 1pm-3pm, NW 36th y MacArthur! ¡Los esperamos! Happy Sunday! Come play a game of futsal with us ⚽️⚽️ Today from 1:00–3:00p.m. at our NW 36th & MacArthur location! We can't wait to see you!","Supermercados Morelos, supermercadomorelos",1990,1175,20,1,0,5,26,0.01306532663316583,0,0,0,1990,1175,26,True
2026-06-29,2026-06,Facebook + Instagram,Carousel,"Gracias a todas las familias que nos acompañaron para disfrutar de una tarde llena de fútbol, sonrisas y mucha diversión. Nos encantó ver a niños y adultos participar, compartir y celebrar juntos. Los esperamos el próximo fin de semana para seguir jugando, ganando premios y viviendo la pasión por el fútbol juntos. ⚽️⚽️ Thank you to all the families who joined us for an afternoon filled with soccer, smiles, and lots of fun. We loved seeing kids and adults playing, connecting, and celebrating together. We look forward to seeing you again next weekend for more fun, great prizes, and experiencing the passion for soccer together!",,4695,2161,26,3,0,2,31,0.006602768903088392,0,0,0,4695,2161,31,True
2026-06-30,2026-06,Facebook + Instagram,Carousel,"En México, el fútbol no es solo el partido. ⚽ 🇲🇽 Es la botana, los comentarios que nadie pidió, y ese momento que se siente en casa. In Mexico, football isn’t just the game. ⚽ 🇲🇽 It’s the snacks, the unsolicited commentary, and that feeling of home.",,1694,855,21,0,0,0,21,0.012396694214876033,0,0,0,1694,855,21,True
2026-07-01,2026-07,Facebook,Reel,Café Morelos acaba de llegar a Admiral y Moore. Café Morelos has just arrived at Admiral and Moore.,Supermercados Morelos,20829,16116,97,3,0,2,102,0.0048970185798646116,19534,15139,81,1295,977,21,False
2026-07-01,2026-07,Instagram,Reel,Café Morelos acaba de llegar a Admiral y Moore. Café Morelos has just arrived at Admiral and Moore.,supermercadomorelos,1176,23195,28,4,2,5,39,0.03316326530612245,752,22961,15,424,234,24,False
2026-07-03,2026-07,Facebook + Instagram,Photo,"Este 4 de julio, los fuegos artificiales también se comen. 🇺🇸🍩✨ Pasa por tus donas patrióticas a Morelos, listas la celebración en familia. Porque antes de prender el asador… se vale empezar con un dulce momento. 😋❤️🤍💙 This 4th of July, the fireworks are edible too. 🇺🇸🍩✨ Stop by Morelos for your patriotic donuts, ready for a family celebration. Because before firing up the grill… it’s okay to start with a sweet moment. 😋❤️🤍💙 #SupermercadosMorelos #4thOfJuly #Oklahoma #Tulsa","Supermercados Morelos, supermercadomorelos",2522,1410,14,0,0,0,14,0.0055511498810467885,0,0,0,2522,1410,14,True
2026-07-03,2026-07,TikTok,Video,Café Morelos,Supermercados Morelos,357,0,7,1,1,1,10,0.028011204481792718,0,0,0,357,0,10,False
2026-07-05,2026-07,Facebook,Reel,"De nuevo compartimos el amor por el futbol con nuestros clientes este fin de semana! ⚽️ El futbol nos une y Morelos te premia! Nos vemos todos los próximos @sábados de 1-3 pm en nuestra tienda de Admiral y Memorial. We’re sharing our love for soccer with our customers again this weekend! ⚽️ Soccer brings us together, and Morelos rewards you! See you every upcoming Saturday from 1:00 to 3:00 PM at our Admiral and Memorial store.",Supermercados Morelos,974,906,9,0,0,0,9,0.009240246406570842,0,0,0,974,906,9,False
2026-07-05,2026-07,Facebook + Instagram,Photo,¿Y si sí? ¡A que sí! Vamos México 🇲🇽✨🔥,"Supermercados Morelos, supermercadomorelos",2638,1384,28,2,0,1,31,0.011751326762699014,0,0,0,2638,1384,31,True
2026-07-05,2026-07,Instagram,Carousel,"¡La emoción continúa! 🇲🇽⚽️ Mientras nos preparamos para el partido de hoy entre México e Inglaterra, seguimos celebrando la gran victoria sobre Ecuador y la increíble pasión con la que nuestra comunidad ha apoyado a El Tri en toda la ciudad. ¡Gracias a Supermercados Morelos y Cantera Event Center por ser los anfitriones de una gran convivencia para nuestra comunidad! ¡Hoy volvemos a apoyar con todo! ¡Vamos México! 💚🤍❤️ The excitement continues! 🇲🇽⚽️ As we get ready for today’s Mexico vs. England match, we’re still celebrating Mexico’s exciting victory over Ecuador and the incredible passion our community has shown in supporting El Tri all across our city. A big thank you to Supermercados Morelos and Cantera for hosting such a fun watch party and bringing our community together! Let’s do it again today. ¡Vamos México! 💚🤍❤️",tango_pr,3905,1541,69,2,0,8,79,0.020230473751600513,0,0,0,3905,1541,79,False
2026-07-06,2026-07,Facebook,Carousel,"Esta semana, tu mandado se va completo. 🛒🤩 En Supermercados Morelos te esperan especiales para llevarte más sabor a casa, desde productos frescos hasta esos básicos que siempre salvan la comida. Ven por tus favoritos y aprovecha antes de que se acaben. ✨ This week, your grocery run comes complete. 🛒🤩 At Supermercados Morelos, you’ll find specials to bring more flavor home, from fresh products to those everyday essentials that always come through. Stop by for your favorites before they’re gone. ✨",Supermercados Morelos,1852,1039,8,0,0,0,8,0.004319654427645789,0,0,0,1852,1039,8,False
2026-07-06,2026-07,Facebook + Instagram,Carousel,"¡Qué gran fin de semana vivimos! Gracias a todas las familias que nos acompañaron y fueron parte de otra tarde llena de fútbol, diversión y grandes momentos. Hemos disfrutado muchísimo compartir con ustedes la emoción y la pasión por este deporte que hoy une a personas de todo el mundo. ¡Los esperamos el próximo fin de semana para seguir jugando, ganar increíbles premios y continuar celebrando juntos la pasión por el fútbol! ⚽️⚽️ What an incredible weekend! Thank you to all the families who joined us for another afternoon of soccer, fun, and unforgettable moments. We've loved celebrating with you and sharing the excitement and passion for the sport that is bringing people together across the world. We can’t wait to see you again next weekend for more soccer, great prizes, and even more fun as we continue celebrating the passion for the beautiful game together! ⚽️",,6274,2641,39,0,0,5,44,0.007013069811922219,0,0,0,6274,2641,44,True
2026-07-07,2026-07,Facebook + Instagram,Photo,"Cada compra te acerca más ⚽ Junta sellos, completa tu pasaporte y participa por premios. Every purchase gets you closer ⚽ Collect stamps, complete your passport and earn rewards.","Supermercados Morelos, supermercadomorelos",1848,937,9,0,0,0,9,0.00487012987012987,3,2,1,1845,935,8,True
2026-07-08,2026-07,Facebook,Reel,"Cuando hay carne en la mesa, ya sabemos que se arma algo bueno. 🥩🔥 En Supermercado Morelos encuentras todo para preparar ese antojo que empieza con “nomás poquito”… y termina con todos pidiendo más. 💚 When there’s meat on the table, you already know something good is about to happen. 🥩🔥 At Supermercado Morelos, you’ll find everything you need for that craving that starts with “just a little bit”… and ends with everyone asking for more. 💚",Supermercados Morelos,987,875,7,0,0,0,7,0.0070921985815602835,0,0,0,987,875,7,False
2026-07-08,2026-07,Instagram,Reel,"Cuando hay carne en la mesa, ya sabemos que se arma algo bueno. 🥩🔥 En Supermercado Morelos encuentras todo para preparar ese antojo que empieza con “nomás poquito”… y termina con todos pidiendo más. 💚 When there’s meat on the table, you already know something good is about to happen. 🥩🔥 At Supermercado Morelos, you’ll find everything you need for that craving that starts with “just a little bit”… and ends with everyone asking for more. 💚",supermercadomorelos,320,244,11,4,0,0,15,0.046875,0,0,0,320,244,15,False
2026-07-08,2026-07,TikTok,Video,Cuando hay carne en la mesa,Supermercados Morelos,335,0,8,1,1,1,11,0.03283582089552239,0,0,0,335,0,11,False
2026-07-09,2026-07,Facebook + Instagram,Carousel,"¡Que no falte nada en el asador! 🔥 En Morelos nos adelantamos al fin de semana largo para traerte la mejor selección para tu parrillada.. Todo listo en tu sucursal más cercana en OKC y Tulsa. 📍 ¡Ven y llénate de sabor! ___________________________________ Make sure your grill is ready for it all! 🔥 At Morelos, we’re getting ahead of the long weekend to bring you the best selection for your cookout. Everything you need is waiting for you at your nearest OKC or Tulsa location. 📍 Stop by and fill up on flavor!",,4688,2811,12,0,0,0,12,0.002559726962457338,0,0,0,4688,2811,12,True
2026-07-10,2026-07,Facebook + Instagram,Carousel,"¡Solo quedan dos fines de semana para entrarle al futbolito en Supermercados Morelos! ⚽🎉 Ven, demuestra tus mejores jugadas y participa para ganar balones y muchas sorpresas más. 🏆💚 ¡Arma el plan con la familia y no te quedes fuera de la cancha! Only two weekends left to join the soccer fun at Supermercados Morelos! ⚽🎉 Come show off your best moves for a chance to win soccer balls and many more surprises. 🏆💚 Bring the whole family and don’t miss your chance to get in the game!",,5122,2392,21,1,0,0,22,0.004295197188598204,0,0,0,5122,2392,22,True
2026-07-10,2026-07,TikTok,Video,Futbolito Morelos,Supermercados Morelos,360,0,4,4,1,1,10,0.027777777777777776,0,0,0,360,0,10,False
2026-07-11,2026-07,Facebook,Reel,Your reel,Supermercados Morelos,1618,1357,6,0,0,0,6,0.003708281829419036,0,0,0,1618,1357,6,False
2026-07-11,2026-07,Facebook,Reel,Your reel,Supermercados Morelos,1648,1273,3,0,0,0,3,0.0018203883495145632,0,0,0,1648,1273,3,False
2026-07-11,2026-07,Facebook,Reel,Your reel,Supermercados Morelos,3798,2249,9,0,0,0,9,0.002369668246445498,0,0,0,3798,2249,9,False
2026-07-11,2026-07,Facebook + Instagram,Photo,¿Halaaand por una carnita asada? 🔥🥩 En Morelos encuentras todo para prender el asador y armar el plan. ⚽️ Haaland over to Morelos for a cookout! 🔥🥩 We’ve got everything you need to fire up the grill and get the party started. ⚽️,"Supermercados Morelos, supermercadomorelos",3959,2202,66,2,0,1,69,0.017428643596867896,0,0,0,3959,2202,69,True
2026-07-12,2026-07,Facebook,Reel,"¡Qué bonito se juega en Supermercados Morelos! Así se vivió el amor por el futbol en nuestra tienda de la Admiral y Memorial. Todavía puedes pasar por tu Pasaporte de la Afición y ganar, además de acumular sellos para ganarte un ASADOR! Pide tu pasaporte en cualquiera de nuestras ubicaciones. ¡Te esperamos! ⚽️ This is how we play at Supermercados Morelos! That’s how the love for soccer came alive at our Admiral and Memorial store. You can still pick up your ""Fan Passport"" to win prizes and collect stamps to earn a GRILL! Ask for your passport at any of our locations. We look forward to seeing you! ⚽️",Supermercados Morelos,1772,843,6,0,0,1,7,0.0039503386004514675,0,0,0,1772,843,7,False
2026-07-12,2026-07,Facebook,Photo,"¡El premio está en tus manos! 🔥🙌 Junta tus 15 sellos, deposita tu pasaporte y participa para ganar un Asador Morelos + kit parrillero. 🥩⚽ The prize is in your hands! 🔥🙌 Collect all 15 stamps, submit your passport, and enter for a chance to win a Morelos Grill + BBQ kit. 🥩⚽",Supermercados Morelos,2267,1448,11,3,1,0,15,0.0066166740185266875,0,0,0,2267,1448,15,False
2026-07-12,2026-07,Facebook + Instagram,Reel,¡Ven a vivir la pasión por el fútbol con nosotros! ⚽️ Pasa un tiempo divertido y gana increíbles premios. ¡Hoy estaremos en nuestra ubicación de la NW 36th y MacArthur hasta las 3:00 p.m.! ¡Los esperamos! ⚽️⚽️ Come experience the excitement of soccer with us! Stop by for some fun and a chance to win awesome prizes! We’re at our NW 36th & MacArthur location today until 3:00 p.m. We can’t wait to see you!,"Supermercados Morelos, supermercadomorelos",3064,1141,21,0,0,3,24,0.007832898172323759,0,0,0,3064,1141,24,True
2026-07-12,2026-07,Instagram,Photo,"¡El premio está en tus manos! 🔥🙌 Junta tus 15 sellos, deposita tu pasaporte y participa para ganar un Asador Morelos + kit parrillero. 🥩⚽ The prize is in your hands! 🔥🙌 Collect all 15 stamps, submit your passport, and enter for a chance to win a Morelos Grill + BBQ kit. 🥩⚽",supermercadomorelos,283,165,9,0,0,0,9,0.03180212014134275,0,0,0,283,165,9,False
2026-07-13,2026-07,Facebook + Instagram,Carousel,"Gracias a todas las familias que nos acompañaron y fueron parte de otra tarde llena de fútbol, diversión y grandes momentos. Cada vez estamos más cerca de las finales y la emoción se siente en todas partes. ¡Nos queda un fin de semana más para seguir jugando futbolito, ganar increíbles premios y celebrar juntos la pasión por el fútbol! ¡No se lo pierdan, los esperamos! ⚽️⚽️ Thank you to all the families who joined us for another afternoon filled with soccer, fun, and unforgettable moments. As we get closer to the finals, you can feel the excitement everywhere. We have one more weekend to play futbolito, win amazing prizes, and celebrate our passion for the beautiful game together. Don't miss it, we can't wait to see you there!",,3840,1526,25,0,0,3,28,0.007291666666666667,0,0,0,3840,1526,28,True
2026-07-14,2026-07,Facebook + Instagram,Reel,"¡Qué calor está haciendo en Tulsa y OKC! ☀️🥵 Para refrescar tus tardes de vacaciones, te dejamos la receta definitiva de la Piña Colada perfecta con frutas frescas de nuestra verdulería. ¡Guarda este video y prepárala hoy mismo! _______________________________________ It’s getting hot in Tulsa and OKC! ☀️🥵 To cool down your summer afternoons, we’re sharing the ultimate recipe for the perfect Piña Colada, made with fresh fruit from our produce section. Save this video and make it today!","Supermercados Morelos, supermercadomorelos",8201,898,41,2,10,10,63,0.007681990001219364,0,0,0,8201,898,63,True
2026-07-16,2026-07,Facebook,Reel,"Xavier Zazueta y Melissa Barrera traen la machaca que no se encuentra en cualquier parte… ni se comparte tan fácil. 👀🔥 Carnes Zazueta, exclusivamente en Supermercado Morelos. Xavier Zazueta and Melisa Barrera are bringing you the kind of machaca you can’t find just anywhere… and probably won’t want to share. 👀🔥 Carnes Zazueta, available exclusively at Supermercado Morelos.",Supermercados Morelos,6916,948,8,3,0,3,14,0.0020242914979757085,0,0,0,6916,948,14,False
2026-07-16,2026-07,Instagram,Reel,"@xavierzazuetaoficial y @melissabarreram traen la machaca que no se encuentra en cualquier parte… ni se comparte tan fácil. 👀🔥 @carneszazuetausa, exclusivamente en Supermercado Morelos. Xavier Zazueta and Melisa Barrera are bringing you the kind of machaca you can’t find just anywhere… and probably won’t want to share. 👀🔥 Carnes Zazueta, available exclusively at Supermercado Morelos.",supermercadomorelos,17063,9568,732,25,39,83,879,0.05151497392017816,0,0,0,17063,9568,879,False
2026-07-16,2026-07,TikTok,Video,Machaca Xavier y Melissa,Supermercados Morelos,515,0,20,1,4,2,27,0.05242718446601942,0,0,0,515,0,27,False
2026-07-17,2026-07,Facebook + Instagram,Photo,"¡La espera terminó! 🤠🎶 El día de mañana, 18 de julio, consigue tus boletos para ver a Grupo Frontera en Supermercado Morelos de la MacArthur de 12 p.m. a 3 p.m. en OKC. 🎟️ The wait is over! 🤠🎶 Tomorrow, July 18, get your tickets to see Grupo Frontera at Supermercado Morelos MacArthur from 12 to 3 p.m. in OKC. 🎟️","Supermercados Morelos, supermercadomorelos",10915,5771,23,3,1,11,38,0.0034814475492441596,0,0,0,10915,5771,38,True
2026-07-18,2026-07,Facebook,Reel,"¡Feliz sábado! Estamos aquí en la NW 36th & MacArthur! Ya en nuestro último día celebrando la pasión por el futbol jugando futbolito y ganado premios! Pasen hoy hasta las 3pm! Ademas, están aquí nuestros amigos del Zoo Amphitheater con una promoción especial de boletos para el concierto de Grupo Frontera! 25% descuento de todos los boletos solo hoy hasta las 3pm! ¡Los esperamos!",Supermercados Morelos,1633,872,7,0,1,3,11,0.006736068585425597,0,0,0,1633,872,11,False
2026-07-18,2026-07,Facebook,Reel,Your reel,Supermercados Morelos,1879,1608,9,0,0,0,9,0.004789781798829164,0,0,0,1879,1608,9,False
2026-07-18,2026-07,Facebook,Reel,Your reel,Supermercados Morelos,1094,834,6,0,0,0,6,0.005484460694698354,0,0,0,1094,834,6,False
2026-07-19,2026-07,Facebook + Instagram,Carousel,"¡Sonó el silbatazo final! ⚽ Gracias a todos los que se animaron a jugar, divertirse y meterle emoción al futbolito. Esperamos que hayan disfrutado cada partido… ¡y que esos balones sigan rodando por mucho tiempo! 🎁🙌 The final whistle has blown! ⚽ Thank you to everyone who joined the fun, played along, and brought the excitement to our foosball games. We hope you enjoyed every match—and that those soccer balls keep rolling for a long time! 🎁🙌",,2274,969,17,0,0,1,18,0.0079155672823219,0,0,0,2274,969,18,True
2026-07-19,2026-07,Facebook + Instagram,Carousel,"De sello en sello llegaron directo a la final… Y se llevaron la victoria a la parrilla ⚽🔥 ¡Felicidades a nuestros campeones del asador! Gracias a todos por participar y jugar hasta el último sello. Stamp by stamp, they made it all the way to the final… and grilled their way to victory! ⚽🔥 Congratulations to our grill champions! Thank you to everyone who participated and stayed in the game until the very last stamp.",,3601,1768,27,0,0,8,35,0.009719522354901417,0,0,0,3601,1768,35,True
2026-07-20,2026-07,Facebook,Reel,"Xavier Zazueta ya puso la machaca sobre la mesa… tú solo pon el antojo. 👀🔥 Carnes Zazueta, exclusivamente en Supermercado Morelos. Xavier Zazueta is bringing the machaca to the table… you just bring the craving. 👀🔥 Carnes Zazueta, available exclusively at Supermercado Morelos.",Supermercados Morelos,4010,1161,18,1,0,7,26,0.006483790523690773,0,0,0,4010,1161,26,False
2026-07-20,2026-07,Instagram,Reel,"@xavierzazuetaoficial ya puso la machaca sobre la mesa… tú solo pon el antojo. 👀🔥 @carneszazuetausa, exclusivamente en Supermercado Morelos. Xavier Zazueta is bringing the machaca to the table… you just bring the craving. 👀🔥 Carnes Zazueta, available exclusively at Supermercado Morelos.",supermercadomorelos,3368,2719,60,9,1,7,77,0.022862232779097387,0,0,0,3368,2719,77,False
2026-07-21,2026-07,Facebook,Carousel,"El martes no se cocina en casa, ¡se viene a la Taquería Morelos! 🌮🔥 Disfruta del auténtico sabor del pastor, carnitas, asada o barbacoa con su respectiva verdura y salsa Morelos ¿Cuántos te vas a pedir hoy? Tuesday is not for cooking at home — it’s for Taquería Morelos! 🌮🔥 Enjoy the authentic flavor of al pastor straight from the trompo, carnitas, asada, or barbacoa, served with fresh toppings and salsa Morelos. How many are you ordering today? #TacoTuesday #Tacos #OKC #Tulsa #Morelos",Supermercados Morelos,2284,1362,11,0,0,1,12,0.005253940455341506,0,0,0,2284,1362,12,False
2026-07-21,2026-07,Instagram,Carousel,"El martes no se cocina en casa, ¡se viene a la Taquería Morelos! 🌮🔥 Disfruta del auténtico sabor del pastor, carnitas, asada o barbacoa con su respectiva verdura y salsa Morelos ¿Cuántos te vas a pedir hoy? Tuesday is not for cooking at home — it’s for Taquería Morelos! 🌮🔥 Enjoy the authentic flavor of al pastor straight from the trompo, carnitas, asada, or barbacoa, served with fresh toppings and salsa Morelos. How many are you ordering today? #TacoTuesday #Tacos #OKC #Tulsa #Morelos",supermercadomorelos,457,204,7,0,0,0,7,0.015317286652078774,0,0,0,457,204,7,False
2026-07-22,2026-07,Facebook,Reel,"¡No es pollo frito, es puro helado delicioso! 🍦🍗 Ven a sorprender a tus amigos con el helado de vainilla más divertido y viral del verano, disponible en los congeladores de Supermercados Morelos. ¡Corre porque vuelan! Cuéntanos, ¿a quién se la aplicarías? 😂 _________________________________________ It’s not fried chicken — it’s pure delicious ice cream! 🍦🍗 Come surprise your friends with the most fun, viral vanilla ice cream of the summer, available in the freezer section at Supermercados Morelos. Hurry, because these fly off the shelves! Tell us, who would you pull this prank on? 😂",Supermercados Morelos,1106,912,10,3,0,1,14,0.012658227848101266,0,0,0,1106,912,14,False
2026-07-22,2026-07,Instagram,Reel,"¡No es pollo frito, es puro helado delicioso! 🍦🍗 Ven a sorprender a tus amigos con el helado de vainilla más divertido y viral del verano, disponible en los congeladores de Supermercados Morelos. ¡Corre porque vuelan! Cuéntanos, ¿a quién se la aplicarías? 😂 It’s not fried chicken — it’s pure delicious ice cream! 🍦🍗 Come surprise your friends with the most fun, viral vanilla ice cream of the summer, available in the freezer section at Supermercados Morelos. Hurry, because these fly off the shelves! Tell us, who would you pull this prank on? 😂",supermercadomorelos,44659,36480,385,11,25,68,489,0.01094964060995544,41622,34377,367,3037,2103,122,False
2026-07-22,2026-07,TikTok,Video,Helado de pollo viral,Supermercados Morelos,417,0,19,6,2,8,35,0.08393285371702638,0,0,0,417,0,35,False
2026-07-23,2026-07,Facebook + Instagram,Photo,"¡Esta promo no conoce fronteras! 🤠🔥 Obtén 50% de descuento en boletos para Grupo Frontera usando el código LIVEMUSIC. 🎟️La mitad del precio, el doble de emoción. ¡Corre por los tuyos y prepárate para cantar a todo pulmón! ❤️‍🔥 Válido 23 y 24 de julio 2026. Consíguelos aquí: http://bit.ly/44Oz0dJ This deal knows no borders! 🤠🔥 Get 50% off tickets to see Grupo Frontera with code LIVEMUSIC. 🎟️ Half the price, twice the excitement. Grab yours before they’re gone and get ready to sing your heart out! ❤️‍🔥 Valid July 23–24, 2026. Get your tickets here: http://bit.ly/44Oz0dJ","Supermercados Morelos, supermercadomorelos",9165,4399,23,2,5,32,62,0.006764866339334425,0,0,0,9165,4399,62,True
2026-07-24,2026-07,Facebook,Reel,"Este fin de semana, que el calor se quede sin palabras. ☀️🔥 Refresca tu verano con una bebida fría, llena de sabor y con ese toque que te hace pedir otra. 😋🧊 Encuentra todo para armarlo en Supermercados Morelos. This weekend, leave the heat speechless. ☀️🔥 Cool down your summer with a refreshing drink packed with flavor and the perfect kick. 😋🧊 Find everything you need to make it at Supermercados Morelos.",Supermercados Morelos,1188,939,13,1,0,0,14,0.011784511784511785,0,0,0,1188,939,14,False
2026-07-24,2026-07,Instagram,Reel,"Este fin de semana, que el calor se quede sin palabras. ☀️🔥 Refresca tu verano con una bebida fría, llena de sabor y con ese toque que te hace pedir otra. 😋🧊 Encuentra todo para armarlo en Supermercados Morelos. This weekend, leave the heat speechless. ☀️🔥 Cool down your summer with a refreshing drink packed with flavor and the perfect kick. 😋🧊 Find everything you need to make it at Supermercados Morelos.",supermercadomorelos,803,617,26,8,3,8,45,0.05603985056039851,0,0,0,803,617,45,False
2026-07-25,2026-07,Facebook,Reel,Your reel,Supermercados Morelos,8780,3455,28,2,0,1,31,0.003530751708428246,0,0,0,8780,3455,31,False
2026-07-27,2026-07,Facebook + Instagram,Carousel,"Celebramos un encuentro lleno de inspiración, conexiones y empoderamiento, reconociendo la fuerza y el liderazgo de las mujeres trabajadoras de nuestra comunidad, especialmente de las mujeres latinas. 💜✨ Gracias a todas las participantes por compartir sus historias y seguir abriendo camino para nuevas generaciones. We celebrated an inspiring event filled with connection and empowerment, honoring the strength and leadership of the hardworking women in our community—especially Latina women. 💜✨ Thank you to everyone who shared their story and continues to pave the way for future generations.",,7513,3274,47,2,0,8,57,0.007586849460934381,0,0,0,7513,3274,57,True
2026-07-28,2026-07,Instagram,Reel,"Gracias a @supermercadomorelos por creer en el liderazgo de las mujeres latinas y por unirse como Patrocinador Platinum de la Conferencia 2026 de Tulsa Latina Leadership. Su compromiso con nuestra comunidad a lo largo de estos años hace posible que sigamos creando espacios que inspiran, conectan y transforman. 🎟️ ¡Nos vemos en la conferencia! ¡Adquiere tu ticket! Link en nuestra bio @tulsalatinaleadership 🎥 Video producido por @mccoyagencyok",tulsalatinaleadership,1098,682,33,6,0,11,50,0.04553734061930783,0,0,0,1098,682,50,False
2026-07-29,2026-07,Facebook,Reel,"El verdadero olor a hogar. 🥐☕ En nuestra panadería trabajamos desde muy temprano para ofrecerte las conchas, bolillos y orejas más frescos y suaves de Oklahoma. ¡Te van a encantar! The true smell of home. 🥐☕ At our bakery, we start early every day to bring you the freshest, softest conchas, bolillos, and orejas in Oklahoma. You’re going to love them!",Supermercados Morelos,1121,956,13,0,0,0,13,0.01159678858162355,0,0,0,1121,956,13,False
2026-07-29,2026-07,Instagram,Reel,"El verdadero olor a hogar. 🥐☕ En nuestra panadería trabajamos desde muy temprano para ofrecerte las conchas, bolillos y orejas más frescos y suaves de Oklahoma. ¡Te van a encantar! The true smell of home. 🥐☕ At our bakery, we start early every day to bring you the freshest, softest conchas, bolillos, and orejas in Oklahoma. You’re going to love them!",supermercadomorelos,480,395,16,0,0,2,18,0.0375,0,0,0,480,395,18,False
2026-07-29,2026-07,TikTok,Video,Panadería Tradicional,Supermercados Morelos,358,0,19,1,1,1,22,0.061452513966480445,0,0,0,358,0,22,False
2026-07-30,2026-07,Facebook,Carousel,"¡Más productos, más ahorro y más razones para llenar el carrito! 🛒💚 El Ofertón de Morelos ya está aquí. Del 30 de julio al 12 de agosto. More products, more savings, and more reasons to fill your cart! 🛒💚 Morelos’ Big Sale is here. From July 30 through August 12.",Supermercados Morelos,2852,1295,8,0,0,1,9,0.003155680224403927,0,0,0,2852,1295,9,False
2026-07-30,2026-07,Facebook + Instagram,Photo,Quedamos atrapados… ¡en una red de ofertones! 🕸️🕷️🛒 Aprovecha el Ofertón de Morelos del 30 de julio al 12 de agosto. We’re caught in a web… of amazing deals! 🕸️🕷️🛒 Shop Morelos’ big sale from July 30 through August 12.,"Supermercados Morelos, supermercadomorelos",2002,988,24,1,0,0,25,0.012487512487512488,0,0,0,2002,988,25,True
2026-07-30,2026-07,Instagram,Carousel,"¡Más productos, más ahorro y más razones para llenar el carrito! 🛒💚 El Ofertón de Morelos ya está aquí. Del 30 de julio al 12 de agosto. More products, more savings, and more reasons to fill your cart! 🛒💚 Morelos’ Big Sale is here. From July 30 through August 12.",supermercadomorelos,470,199,9,1,0,0,10,0.02127659574468085,0,0,0,470,199,10,False
2026-07-31,2026-07,Facebook + Instagram,Reel,"El aguacate perfecto sí existe… y te enseñamos cómo encontrarlo. 🥑✨ En nuestro departamento de Frutas y Verduras te pasamos el hack para elegir ese aguacate que está justo en su punto: ni piedra, ni guacamole sorpresa. ¿Ya te sabías este truco? The perfect avocado does exist… and we’ll show you how to find it. 🥑✨ In our Produce Department, we’re sharing the hack to pick an avocado that’s just right: not rock-hard, not surprise-guacamole soft. Did you already know this trick?","Supermercados Morelos, supermercadomorelos",10742,3448,42,1,3,0,46,0.004282256563023646,0,0,0,10742,3448,46,True
